"Time []","C1.V []","L1.I []"
0,6.00000000000382,1.2000036
1E-007,6.00005451177028,1.21200349097646
5.85758509354482E-007,6.00159920472225,1.27027897555296
1.58575850935448E-006,6.00747765496252,1.39018820695611
2.58575850935448E-006,6.01872478906856,1.5099261825158
3.58575850935448E-006,6.03528185655607,1.62938611605955
4.58575850935448E-006,6.05708583421645,1.74846243915183
4.89999968575851E-006,6.06501207193543,1.78578769842365
4.99999989999969E-006,6.06764142318165,1.79765507035328
5.09999989999969E-006,6.0703222855345,1.80951710664456
5.59999989999969E-006,6.08513227030451,1.86866578394152
6.59999989999969E-006,6.11728734866586,1.98664158775181
7.59999989999969E-006,6.15447401433118,2.10392397412184
8.59999989999969E-006,6.19661309739439,2.22041310300459
9.59999989999969E-006,6.24362166344514,2.33601075539619
9.8999996999999E-006,6.25866295598616,2.37050387854249
9.9999998999997E-006,6.26377205334787,2.38198146648827
1.00999998999997E-005,6.26892862175079,2.39344876581317
1.05999998999997E-005,6.29600335043764,2.45048873230879
1.15999998999997E-005,6.35247600498262,2.56400393875459
1.25999998999997E-005,6.41354743577693,2.67634370434699
1.35999998999997E-005,6.47912077858778,2.78741702220335
1.45999998999997E-005,6.54909597237651,2.8971348546937
1.48999996999999E-005,6.57093393701801,2.9297747432056
1.49999998999997E-005,6.57829884656282,2.94062553212353
1.50999998999997E-005,6.58570631480557,2.95146152696217
1.55999998999997E-005,6.62389819901396,3.00522254497203
1.65999998999997E-005,6.7023512152175,3.11196005082971
1.75999998999997E-005,6.78488757783383,3.2170876628992
1.85999998999997E-005,6.8713956652147,3.32052483046871
1.95999998999997E-005,6.96176127212597,3.42219326109531
1.98999996999999E-005,6.98960847022751,3.452339131771
1.99999998999997E-005,6.99896525022682,3.46235057807338
2.00999998999997E-005,7.00835895248001,3.47234325387068
2.05999998999997E-005,7.05632520160577,3.52178000185462
2.15999998999997E-005,7.15403846600375,3.61967636517852
2.25999998999997E-005,7.25525214106901,3.7155834591078
2.35999998999997E-005,7.35984298067468,3.80943250789036
2.45999998999997E-005,7.46768579822495,3.90115722010136
2.48999996999999E-005,7.50065673684107,3.92825217443287
2.49999998999997E-005,7.51170907448832,3.93723982659679
2.50999998999997E-005,7.52279213110393,3.9462053253912
2.55999998999997E-005,7.57903322990193,3.99041499309218
2.65999998999997E-005,7.69298111566591,4.0776948496365
2.75999998999997E-005,7.80979490509575,4.16266708942888
2.85999998999997E-005,7.92934297835333,4.24527571059439
2.95999998999997E-005,8.05149243255556,4.3254673564853
2.98999996999999E-005,8.08862756918674,4.34904698076033
2.99999998999997E-005,8.10105479363706,4.35685731401813
3.00999998999997E-005,8.11350612973351,4.36464275309476
3.05999998999997E-005,8.17640607241278,4.40287869237063
3.15999998999997E-005,8.30333814285676,4.47808125021793
3.25999998999997E-005,8.4324664052507,4.55072320473686
3.35999998999997E-005,8.56365415732643,4.62076199911109
3.45999998999997E-005,8.69676407029059,4.68815781683492
3.48999996999999E-005,8.73705438756851,4.70785634832899
3.49999998999997E-005,8.75051966523778,4.71436878730102
3.50999998999997E-005,8.7640022076881,4.72085426542809
3.55999998999997E-005,8.83186951829235,4.75253557024517
3.65999998999997E-005,8.96839261132125,4.81453294894904
3.75999998999997E-005,9.1064233962374,4.87378478887345
3.85999998999997E-005,9.24582334537396,4.93026232145734
3.95999998999997E-005,9.38645394564217,4.98393954854718
3.98999996999999E-005,9.42886552578161,4.99949357976355
3.99999998999997E-005,9.44302404811091,5.00462170044587
4.00999998999997E-005,9.45719291127467,5.00972148348649
4.05999998999997E-005,9.52830150598444,5.03443846842664
4.15999998999997E-005,9.67096131834227,5.08244584018337
4.25999998999997E-005,9.81443763425865,5.12759185065736
4.35999998999997E-005,9.9585932527822,5.16986154178696
4.45999998999997E-005,10.1032915997038,5.2092426932621
4.48999996999999E-005,10.1467896540087,5.22049244200113
4.49999998999997E-005,10.1612966365384,5.2241843630944
4.50999998999997E-005,10.1758071157929,5.22784725934207
4.55999998999997E-005,10.2484361084422,5.24536289825765
4.65999998999997E-005,10.3937964936711,5.27894057223652
4.75999998999997E-005,10.5392949468973,5.30960965783083
4.85999998999997E-005,10.6847985758945,5.33736872260291
4.95999998999997E-005,10.8301756861259,5.36221897998271
4.98999996999999E-005,10.8737475312297,5.36910720573849
4.99999998999997E-005,10.8882658550965,5.37134519682814
5.00999998999997E-005,10.9027810595597,5.37355414991348
5.05999998999997E-005,10.9752526751989,5.38380162316149
5.15999998999997E-005,11.1199709996218,5.40284938641328
5.25999998999997E-005,11.264176178382,5.41900791463324
5.35999998999997E-005,11.4077423813755,5.43228872903567
5.45999998999997E-005,11.5505454951031,5.44270585027088
5.48999996999999E-005,11.5932220136603,5.44527454603213
5.49999998999997E-005,11.6074293560939,5.44607389626107
5.50999998999997E-005,11.6216273274556,5.44684483957752
5.55999998999997E-005,11.6923421680077,5.44992141789744
5.65999998999997E-005,11.8332392303292,5.45466560391407
5.75999998999997E-005,11.9730123751175,5.4566030878596
5.85999998999997E-005,12.1115453083491,5.45575751102494
5.95999998999997E-005,12.2487239103066,5.45215481883838
5.98999996999999E-005,12.2895990880798,5.45053985091987
5.99999998999997E-005,12.3031944066527,5.44994705623955
6.00999998999997E-005,12.3167745892534,5.44932708724364
6.05999998999997E-005,12.3842435877492,5.44548465136615
6.15999998999997E-005,12.5183667950751,5.43645854753791
6.25999998999997E-005,12.6508074881568,5.42476680470559
6.35999998999997E-005,12.7814610612033,5.41044411921199
6.45999998999997E-005,12.9102254718054,5.3935272538819
6.48999996999999E-005,12.9484736639448,5.38795116019204
6.49999998999997E-005,12.9611829196888,5.3860414997891
6.50999998999997E-005,12.9738718673873,5.38410644500203
6.55999998999997E-005,13.0367443702792,5.37373900129923
6.65999998999997E-005,13.1614230711858,5.35175732688458
6.75999998999997E-005,13.2839228894141,5.32730386727858
6.85999998999997E-005,13.4041527044108,5.30042311134033
6.95999998999997E-005,13.5220242738934,5.27116134155729
6.98999996999999E-005,13.5569149190406,5.26192453013636
6.99999998999997E-005,13.568495945544,5.25879911302096
7.00999998999997E-005,13.58005217294,5.25565056490248
7.05999998999997E-005,13.6371397008428,5.23927916789405
7.15999998999997E-005,13.7500317990431,5.20540745289519
7.25999998999997E-005,13.860319099432,5.16930394391044
7.35999998999997E-005,13.9679253845724,5.1310214990704
7.45999998999997E-005,14.0727775523313,5.09061446970136
7.48999996999999E-005,14.1036871223077,5.07808508403036
7.49999998999997E-005,14.113933570983,5.07386745490184
7.50999998999997E-005,14.1241514796526,5.0696293698512
7.55999998999997E-005,14.1744468327203,5.047884901524
7.65999998999997E-005,14.2735760372737,5.00340467282406
7.75999998999997E-005,14.3697512783955,4.95697139966737
7.85999998999997E-005,14.4629122660093,4.90864476422332
7.95999998999997E-005,14.5530019827413,4.85848562173581
7.98999996999999E-005,14.5794230263334,4.84308835697343
7.99999998999997E-005,14.5881673416394,4.83792075627029
8.00999998999997E-005,14.5968801756429,4.832735708753
8.05999998999997E-005,14.6395716678815,4.80633999207419
8.15999998999997E-005,14.7233549721936,4.75271072567344
8.25999998999997E-005,14.8039162108959,4.69743801384254
8.35999998999997E-005,14.8812116467499,4.64058673526608
8.45999998999997E-005,14.9552008930494,4.58222260986809
8.48999996999999E-005,14.9767481031303,4.56442677474344
8.49999998999997E-005,14.9838635050981,4.558466151214
8.50999998999997E-005,14.9909453135751,4.55249134239533
8.55999998999997E-005,15.0254260379937,4.52223708201539
8.65999998999997E-005,15.0926912546432,4.46105590908902
8.75999998999997E-005,15.1565496914499,4.39856349962809
8.85999998999997E-005,15.2169743946584,4.33482825876701
8.95999998999997E-005,15.2739417611316,4.2699190972091
8.98999996999999E-005,15.2903550634995,4.25022621986379
8.99999998999997E-005,15.2957565379266,4.24364009509015
9.00999998999997E-005,15.3011231455943,4.23704321540663
9.05999998999997E-005,15.326995286622,4.20377326254041
9.15999998999997E-005,15.3769886931974,4.13673342274222
9.25999998999997E-005,15.4234743659941,4.06872879215031
9.35999998999997E-005,15.4664419830622,3.99982962865974
9.45999998999997E-005,15.5058844988829,3.93010636384029
9.48999996999999E-005,15.5170292272848,3.9090376367076
9.49999998999997E-005,15.5206735459414,3.90199991985898
9.50999998999997E-005,15.5242825542677,3.89495496375877
9.55999998999997E-005,15.5413568729143,3.85954139502963
9.65999998999997E-005,15.5737412407821,3.78839041389267
9.75999998999997E-005,15.6025991803129,3.71662700968172
9.85999998999997E-005,15.6279364877915,3.64432165300068
9.95999998999997E-005,15.6497620924314,3.57154466719845
9.98999996999999E-005,15.6556263759532,3.54962851640405
9.99999998999997E-005,15.6575111896489,3.54231536421219
0.0001000999999,15.6593610519395,3.5349984919706
0.0001005999999,15.6676517705793,3.49832197426481
0.0001015999999,15.6824952495407,3.42482050406361
0.0001025999999,15.6938726076796,3.35105682549141
0.0001035999999,15.7018049115873,3.27710005029874
0.0001045999999,15.7063161542412,3.20301883964045
0.0001048999997,15.707005699403,3.18077888890615
0.0001049999999,15.7071677654011,3.17336470061301
0.0001050999999,15.7072959976395,3.16595023684997
0.0001055999999,15.7070114031438,3.12888012281853
0.000106228634898406,15.7059907155873,3.08227939706756
0.000107228634898406,15.701648772443,3.00820300218726
0.000108228634898406,15.6939969633488,2.93424654482934
0.000109228634898406,15.6830721582154,2.8604758536137
0.000109899999328635,15.6739196471274,2.8110836274978
0.000109999999899999,15.6724322533586,2.80373723362287
0.000110099999899999,15.6709128490442,2.79639388852047
0.000110599999899999,15.6624419644078,2.75976946887639
0.000111599999899999,15.6439238307887,2.68670581092443
0.000112599999899999,15.6222763214677,2.61404380940186
0.000113599999899999,15.5975473362559,2.54184557282463
0.000114599999899999,15.5697871296154,2.47017222816591
0.0001148999997,15.5608745456742,2.44878025740133
0.0001149999999,15.5578443078206,2.44166152431041
0.0001150999999,15.5547845002256,2.43454889550236
0.0001155999999,15.5386805452483,2.39916209004988
0.0001165999999,15.5050247739544,2.32872503685785
0.0001175999999,15.4685022602393,2.25898976651592
0.0001185999999,15.4291719861776,2.19001302405175
0.0001195999999,15.387094940575,2.12185035478422
0.0001198999997,15.3739441070451,2.10156725116343
0.0001199999999,15.3695070545468,2.09482378651495
0.0001200999999,15.3650434248347,2.08808923603557
0.0001205999999,15.3420040698657,2.05466919533691
0.0001215999999,15.294632359423,1.98830283104402
0.0001225999999,15.2447083619367,1.92290942383042
0.0001235999999,15.1923003396713,1.85853933681434
0.0001245999999,15.1374781847509,1.79524155157012
0.0001248999997,15.1205697826931,1.77646742018387
0.0001249999999,15.1148870622415,1.77023195086804
0.0001250999999,15.1091812126472,1.76400788259315
0.0001255999999,15.0800267188208,1.73320761540494
0.0001265999999,15.0206013401487,1.67220133481524
0.0001275999999,14.9589806685081,1.61240551472868
0.0001285999999,14.8952403190098,1.5538633048535
0.0001295999999,14.8294571404467,1.49661633025893
0.0001298999997,14.8093336865935,1.47969996905538
0.0001299999999,14.8025868637732,1.47408803728119
0.0001300999999,14.7958207186607,1.46848962969875
0.0001305999999,14.7614702838898,1.44087492685985
0.0001315999999,14.6918464959343,1.38634175906161
0.0001325999999,14.6204171358309,1.33321912274396
0.0001335999999,14.5472631672365,1.28154231971329
0.0001345999999,14.4724663816492,1.23134502422443
0.0001348999997,14.4497174427829,1.21657848259549
0.0001349999999,14.4421035660385,1.21168665180304
0.0001350999999,14.4344744322338,1.20681007380476
0.0001355999999,14.3959213999569,1.1828508598052
0.0001365999999,14.3180977114617,1.13571066869101
0.0001375999999,14.2388807989661,1.09014088358673
0.0001385999999,14.1583549412779,1.04616852618429
0.0001395999999,14.0766048389715,1.0038189283818
0.0001398999997,14.0518518633447,0.991433566531755
0.0001399999999,14.0435784050727,0.987338128072486
0.0001400999999,14.0352939117101,0.983259255755703
0.0001405999999,13.9935804426826,0.963323451328876
0.0001415999999,13.9096479187453,0.924291167714597
0.0001425999999,13.8247469960933,0.88694721856621
0.0001435999999,13.7389632525686,0.85131011607959
0.0001445999999,13.6523822904804,0.817396660649099
0.0001448999997,13.6262634096026,0.807560730106135
0.0001449999999,13.6175432019913,0.804316917006934
0.0001450999999,13.6088162374156,0.801090557567527
0.0001455999999,13.5650080299447,0.78544047726808
0.0001465999999,13.4770998096769,0.755019398871865
0.0001475999999,13.3886505194185,0.726361895580911
0.0001485999999,13.2997450811242,0.699477939575483
0.0001495999999,13.2104680611079,0.674375808153163
0.0001498999997,13.1836232001072,0.667193539157696
0.0001499999999,13.1746694782117,0.664835241762796
0.0001500999999,13.1657132362979,0.662494859048287
0.0001505999999,13.1208748531137,0.65128611051715
0.0001515999999,13.0311169879865,0.629766192106149
0.0001525999999,12.941238301021,0.610042639216074
0.0001535999999,12.8513212051604,0.592117044154259
0.0001545999999,12.7614474024493,0.575989358078161
0.0001548999997,12.7345040152844,0.57150150681686
0.0001549999999,12.7255256724266,0.570041474209092
0.0001550999999,12.7165489132373,0.568599399623429
0.0001555999999,12.6717202348352,0.561882197275077
0.0001565999999,12.5821848784886,0.549343146141838
0.0001575999999,12.4929328686112,0.53859196867084
0.0001585999999,12.4040423943412,0.529622216041316
0.0001595999999,12.3155906102756,0.522425885995147
0.0001598999997,12.2891503281028,0.520611664389492
0.0001599999999,12.2803474792888,0.520042165443106
0.0001600999999,12.271550099556,0.519490267864261
0.0001605999999,12.227724375669,0.517213024107571
0.0001615999999,12.1403862578322,0.513531917772559
0.0001625999999,12.053711333771,0.511590941856527
0.0001635999999,11.9677720241924,0.511376108276893
0.0001645999999,11.8826394289966,0.512871993745003
0.0001648999997,11.8572658768887,0.513652277307158
0.0001649999999,11.8488258148385,0.513946186203247
0.0001650999999,11.8403948126256,0.514256965575783
0.0001655999999,11.7984987270097,0.516271978305686
0.0001665999999,11.7151957297527,0.521135033738061
0.0001675999999,11.6329041183748,0.527654035256787
0.0001685999999,11.5516891973342,0.535808102099697
0.0001695999999,11.4716147060724,0.545575063065631
0.0001698999997,11.4478227059973,0.548816748668299
0.0001699999999,11.4399163219004,0.549929011864921
0.0001700999999,11.4320222272989,0.551057073315721
0.0001705999999,11.392898327855,0.557128090037172
0.0001715999999,11.3152968549388,0.570046138209235
0.0001725999999,11.2390169996423,0.584502999663424
0.0001735999999,11.1641158202593,0.600471671464407
0.0001745999999,11.0906486114473,0.617924027147341
0.0001748999997,11.0688949489578,0.623445392785217
0.0001749999999,11.0616736765507,0.625314827898567
0.0001750999999,11.0544675067279,0.627198686715288
0.0001755999999,11.0188592848392,0.637010093866896
0.0001765999999,10.9484249778522,0.657337251239982
0.0001775999999,10.8795793775758,0.679057207685703
0.0001785999999,10.8123703994439,0.702137709915506
0.0001795999999,10.7468440445935,0.726545565475131
0.0001798999997,10.7275199341005,0.734122468487782
0.0001799999999,10.7211132614458,0.736673840394964
0.0001800999999,10.714724044133,0.739238003089385
0.0001805999999,10.6832638757055,0.75240536433233
0.0001815999999,10.621238087442,0.779360344700855
0.0001825999999,10.5610209576676,0.807537754249759
0.0001835999999,10.5026506049483,0.8369010386236
0.0001845999999,10.4461631320501,0.867412901253616
0.0001848999997,10.4295884718771,0.876785640193344
0.0001849999999,10.424102050658,0.879931955963422
0.0001850999999,10.4186349456027,0.883089218967161
0.0001855999999,10.3918350333745,0.899170868633416
0.0001865999999,10.3392173229753,0.931860345069918
0.0001875999999,10.2885783140291,0.965582388699874
0.0001885999999,10.2399459205776,1.00029714635381
0.0001895999999,10.1933459885727,1.0359642272623
0.0001898999997,10.1797654532486,1.04684488568307
0.0001899999999,10.1752798208195,1.0504898476989
0.0001900999999,10.1708148541507,1.05414375302393
0.0001905999999,10.1490612380831,1.0726531406431
0.0001915999999,10.1065980071691,1.11009654819058
0.0001925999999,10.0662320703532,1.14836824741536
0.0001935999999,10.0279809738882,1.18742611697294
0.0001945999999,9.99186019182339,1.22722770531583
0.0001948999997,9.9814411662255,1.23930779318829
0.0001949999999,9.97801108139419,1.24334834902176
0.0001950999999,9.97460249359753,1.24739573544677
0.0001955999999,9.95815212516938,1.26781421419507
0.0001965999999,9.92633137275632,1.30896937921581
0.0001975999999,9.89667472452909,1.35073931824296
0.0001985999999,9.8691894327893,1.39308067666978
0.0001995999999,9.8438807196377,1.43594997514551
0.0001998999997,9.83671303856663,1.44890818523209
0.0001999999999,9.83436741843737,1.45323711343292
0.0002000999999,9.83204361300452,1.45757070240147
0.0002005999999,9.82102442150193,1.47936045818645
0.0002015999999,9.80007646084466,1.52314944936299
0.0002025999999,9.78130846231879,1.56733560013135
0.0002035999999,9.76471768299485,1.61187533867822
0.0002045999999,9.75029943487223,1.65672516749955
0.0002048999997,9.7463968532433,1.6702350696286
0.0002049999999,9.7451392856926,1.67474354250658
0.0002050999999,9.74390335277142,1.67925449986812
0.0002055999999,9.73831716855487,1.70187132818257
0.0002065999999,9.72822102391728,1.74720594625785
0.0002075999999,9.72027166998085,1.79272101931887
0.0002085999999,9.71445687552814,1.83837373386378
0.0002095999999,9.71076258871533,1.88412153922134
0.0002098999997,9.71006587253198,1.89785904467927
0.0002099999999,9.70987566726298,1.90243911229958
0.0002100999999,9.70970644503577,1.90701953018728
0.0002105999999,9.70943458746349,1.92992518431265
0.000211398496648602,9.70966341343829,1.96650353783213
0.000212398496648602,9.71181108233719,2.01228879287437
0.000213398496648602,9.71600961052464,2.05801058594575
0.000214398496648602,9.72223664367259,2.10362812340378
0.000214899999498497,9.72611659157024,2.12645476164615
0.0002149999999,9.72695032921424,2.13100171298144
0.0002150999999,9.72780396060903,2.13554695869161
0.0002155999999,9.73261527313931,2.15822080596022
0.0002165999999,9.74321792405996,2.20346247398823
0.0002175999999,9.75576651984985,2.24847262954913
0.0002185999999,9.77023210050494,2.29321264334558
0.0002195999999,9.78658423360784,2.33764448000445
0.0002198999997,9.79185377125058,2.35090915714677
0.0002199999999,9.79364725805626,2.35532366494645
0.0002200999999,9.79545916019222,2.35973455852821
0.0002205999999,9.80502007706369,2.38168435775757
0.0002215999999,9.82504405994423,2.42538371638749
0.0002225999999,9.84685471200481,2.468664728668
0.0002235999999,9.87041613426887,2.51149202020526
0.0002245999999,9.89569116851491,2.55383094717742
0.0002248999997,9.90360301664738,2.56643305622053
0.0002249999999,9.90627366041759,2.57062318792371
0.0002250999999,9.90896089730337,2.57480795336599
0.0002255999999,9.92284748777911,2.5955794784882
0.0002265999999,9.95142841996887,2.63683671941072
0.0002275999999,9.98160425128383,2.67750639269819
0.0002285999999,10.0133332492449,2.7175570176929
0.0002295999999,10.0465726536941,2.75695795866351
0.0002298999997,10.0568334954531,2.76864773242289
0.0002299999999,10.0602829456882,2.77253062374751
0.0002300999999,10.0637468803529,2.77640659392147
0.0002305999999,10.0814582521929,2.79559201139954
0.0002315999999,10.1175806579128,2.83360162229848
0.0002325999999,10.1550793995612,2.87087502172374
0.0002335999999,10.1939080965897,2.90738514676223
0.0002345999999,10.2340195847814,2.94310586994852
0.0002348999997,10.2462971273257,2.95366491277284
0.0002349999999,10.2504141602501,2.95716820849184
0.0002350999999,10.2545433419752,2.96066325098961
0.0002355999999,10.2755161795498,2.97790808919411
0.0002365999999,10.3180427432906,3.01197249996571
0.0002375999999,10.3617063272704,3.0451750092601
0.0002385999999,10.4064571384232,3.07749337460316
0.0002395999999,10.4522448505035,3.1089063547139
0.0002398999997,10.4661769304091,3.11815108320801
0.0002399999999,10.4708404889891,3.12121407191457
0.0002400999999,10.4755136956997,3.12426771772988
0.0002405999999,10.4991375328776,3.13927634240111
0.0002415999999,10.5468397477836,3.16881656959449
0.0002425999999,10.5954251457732,3.19739392065893
0.0002435999999,10.6448417773066,3.22499125142813
0.0002445999999,10.695037410792,3.25159245954714
0.0002448999997,10.7102413551407,3.25937661805991
0.0002449999999,10.7153236713756,3.26195105818225
0.0002450999999,10.7204130328275,3.26451532147805
0.0002455999999,10.7460458892985,3.27705486258507
0.0002465999999,10.7976353589132,3.30161805010295
0.0002475999999,10.8498459277768,3.32514323723605
0.0002485999999,10.9026247376571,3.34761853058171
0.0002495999999,10.9559188944394,3.36903309426075
0.0002498999997,10.9720009186884,3.3752493306772
0.0002499999999,10.9773706452939,3.37729996321447
0.0002500999999,10.9827447742192,3.37933984779496
0.0002505999999,11.0097287924325,3.38924255987064
0.0002515999999,11.0638884627993,3.40850638731832
0.0002525999999,11.1184050794078,3.42668345189625
0.0002535999999,11.1732260875607,3.44376714022656
0.0002545999999,11.2282991326564,3.45975188802439
0.0002548999997,11.2448635653314,3.46433239687675
0.0002549999999,11.2503888469771,3.46583714747394
0.0002550999999,11.2559159084297,3.46733084271853
0.0002555999999,11.2835926445063,3.47449491627347
0.0002565999999,11.3390072774367,3.48826891705404
0.0002575999999,11.3945185820643,3.50093365845902
0.0002585999999,11.4500754586183,3.5124877180522
0.0002595999999,11.5056272284324,3.52293069118169
0.0002598999997,11.5222853658982,3.52584695145453
0.0002599999999,11.5278367846204,3.52679683120376
0.0002600999999,11.5333874382423,3.5277356069809
0.0002605999999,11.5611124833667,3.53212448214723
0.0002615999999,11.6164977292676,3.54034838002089
0.0002625999999,11.6717288469729,3.54746611425849
0.0002635999999,11.7267572593861,3.5534812531949
0.0002645999999,11.7815350123254,3.55839833047778
0.0002648999997,11.7979134238671,3.5596599843281
0.0002649999999,11.8033667589845,3.56005870494269
0.0002650999999,11.8088169146469,3.56044652126906
0.0002655999999,11.8359735527196,3.56208678574186
0.0002665999999,11.8901030410558,3.56482601980411
0.0002675999999,11.9438422123375,3.56648656727017
0.0002685999999,11.997145976313,3.56707668538367
0.0002695999999,12.0499700446396,3.56660552517414
0.0002698999997,12.0657181683,3.5662584607667
0.0002699999999,12.0709569179341,3.56612178540712
0.0002700999999,12.0761902520015,3.56597463823718
0.0002705999999,12.1022018938318,3.56495261929886
0.0002715999999,12.1539318292127,3.56239128206842
0.0002725999999,12.20505445296,3.55880141924669
0.0002735999999,12.2555290055103,3.55419558466199
0.0002745999999,12.3053156824388,3.5485871377825
0.0002748999997,12.3201125748964,3.54671085426135
0.0002749999999,12.3250301938468,3.54606571020232
0.0002750999999,12.3299403809715,3.5454107396275
0.0002755999999,12.3542815540008,3.54186792408749
0.0002765999999,12.4025723840278,3.53429938470721
0.0002775999999,12.4500620553267,3.52577304031366
0.0002785999999,12.4967148492057,3.51630527126834
0.0002795999999,12.5424961273298,3.50591316150298
0.0002798999997,12.5560562559584,3.50261750655022
0.0002799999999,12.5605580729864,3.50150088998805
0.0002800999999,12.565050696662,3.5003752812184
0.0002805999999,12.5872564110913,3.49450271710749
0.0002815999999,12.6311912163742,3.48231824083284
0.0002825999999,12.6741574269779,3.46926475439931
0.0002835999999,12.716124931829,3.45536193081125
0.0002845999999,12.7570647958927,3.44063003353403
0.0002848999997,12.7691427873683,3.43605141383666
0.0002849999999,12.7731475737006,3.43450912039101
0.0002850999999,12.7771416875626,3.43295883112975
0.0002855999999,12.7968150437431,3.42499068069232
0.0002865999999,12.8356143887558,3.40866638636733
0.0002875999999,12.87330664683,3.39157717601147
0.0002885999999,12.9098677316604,3.37374543222657
0.0002895999999,12.9452747983231,3.35519400692673
0.0002898999997,12.9556690850935,3.34949117907837
0.0002899999999,12.9591102549462,3.34757639590877
0.0002900999999,12.9625395758004,3.34565474607803
0.0002905999999,12.9793575227617,3.33586117085041
0.0002915999999,13.0123905963229,3.31594368965957
0.0002925999999,13.0442088123117,3.29537769557322
0.0002935999999,13.0747943741749,3.27418766370835
0.0002945999999,13.1041307616498,3.25239841235011
0.0002948999997,13.1126860946324,3.24574796621489
0.0002949999999,13.1155125275692,3.2435197631363
0.0002950999999,13.1183262501418,3.24128592435858
0.0002955999999,13.1320434501379,3.22996548985721
0.0002965999999,13.1588354141881,3.20705670121395
0.0002975999999,13.1843364892496,3.18362498217957
0.0002985999999,13.2085352822574,3.1596962644645
0.0002995999999,13.2314216814969,3.13529669482696
0.0002998999997,13.2380305039157,3.12788834320962
0.0002999999999,13.2402069876906,3.12541010076155
0.0003000999999,13.2423702199242,3.12292752355393
0.0003005999999,13.2528210178742,3.11039931337519
0.0003015999999,13.2730565708994,3.08514053748745
0.0003025999999,13.2919572113698,3.05949039966476
0.0003035999999,13.3095179164265,3.0334756483868
0.0003045999999,13.3257349209927,3.0071231200126
0.0003048999997,13.330337623734,2.99915490769057
0.0003049999999,13.3318449247436,2.99649271981773
0.0003050999999,13.3333387509273,2.99382753614206
0.0003055999999,13.3404372896843,2.98042316324521
0.0003065999999,13.3539605347606,2.95347918500076
0.0003075999999,13.3661363987145,2.92627821566601
0.0003085999999,13.3769660558932,2.89884719111993
0.0003095999999,13.38645188803,2.8712130116807
0.0003098999997,13.3890359907812,2.86288655359524
0.0003099999999,13.3898705671855,2.86010764147947
0.0003100999999,13.3906917541318,2.85732707915815
0.0003105999999,13.3944303157873,2.84338277600028
0.0003115999999,13.4012411011158,2.81542606183124
0.0003125999999,13.4067224596589,2.7873464262235
0.0003135999999,13.4108814603237,2.75917038702367
0.0003145999999,13.4137263044927,2.7309243093755
0.0003148999997,13.414324628764,2.72244016223183
0.0003149999999,13.4144980085851,2.71961133393685
0.0003150999999,13.4146583772994,2.71678217755096
0.0003155999999,13.415104066472,2.70263113688624
0.0003165999999,13.4153510369731,2.67432658585179
0.0003175999999,13.4143152020076,2.64602992346198
0.0003185999999,13.412009105244,2.61776668038947
0.0003195999999,13.4084463261573,2.58956212607546
0.0003198999997,13.4071342456799,2.5811153899911
0.0003199999999,13.4066720986173,2.5783015780192
0.0003200999999,13.4061975903186,2.57548870833026
0.0003205999999,13.403487506952,2.56145383326074
0.0003215999999,13.3974581677437,2.53344437651379
0.0003225999999,13.3902189983833,2.50556760485251
0.0003235999999,13.381787494886,2.47784753991982
0.0003245999999,13.3721820737593,2.45030784423337
0.0003248999997,13.3690739443923,2.44208408166142
0.0003249999999,13.368014881601,2.43934698736126
0.0003250999999,13.3669443524389,2.43661202812722
0.0003255999999,13.3612794285329,2.42299923384189
0.0003265999999,13.3493875739231,2.39589256381733
0.0003275999999,13.3363824245584,2.36903486383252
0.0003285999999,13.3222858199294,2.34244818138764
0.0003295999999,13.3071203894477,2.31615411929387
0.0003298999997,13.30236527435,2.30832566752144
0.0003299999999,13.3007594149275,2.30572253762592
0.0003300999999,13.299143198223,2.30312263501277
0.0003305999999,13.2907808947484,2.29021482606529
0.0003315999999,13.2735517989858,2.26457149912795
0.0003325999999,13.255326312505,2.23928271801304
0.0003335999999,13.236129940299,2.214368155485
0.0003345999999,13.2159888350297,2.18984696773171
0.0003348999997,13.209765651312,2.1825697091242
0.0003349999999,13.2076729976835,2.18015226564033
0.0003350999999,13.2055712759387,2.17773902136671
0.0003355999999,13.1948173526955,2.16579084783975
0.0003365999999,13.1728711506495,2.1421139628063
0.0003375999999,13.1500623300736,2.11888462799907
0.0003385999999,13.1264193325022,2.09611981137331
0.0003395999999,13.1019710968789,2.0738359070795
0.0003398999997,13.0944833171379,2.06724654823036
0.0003399999999,13.0919719838802,2.06506008855643
0.0003400999999,13.0894530151354,2.06287866355742
0.0003405999999,13.0766525973652,2.05211213758376
0.0003415999999,13.0506863043156,2.03083874856696
0.0003425999999,13.0240043149313,2.01009184237449
0.0003435999999,12.9966372457722,1.98988542676745
0.0003445999999,12.9686160562294,1.97023289374744
0.0003448999997,12.9600861022786,1.96444679112931
0.0003449999999,12.9572304441868,1.96252947074822
0.0003450999999,12.9543686885409,1.96061787161549
0.0003455999999,12.9398968597018,1.95121890301848
0.0003465999999,12.9106654895358,1.9327132795261
0.0003475999999,12.8808746515681,1.91479787811506
0.0003485999999,12.8505563616466,1.89748356798291
0.0003495999999,12.8197428231728,1.88078057613472
0.0003498999997,12.8104062899806,1.87589013205556
0.0003499999999,12.8072849753664,1.87427243755483
0.0003500999999,12.8041591676445,1.87266099341182
0.0003505999999,12.7884113180224,1.86477688023159
0.0003515999999,12.7567085586217,1.84932568146515
0.0003525999999,12.7246079878981,1.83451251599996
0.0003535999999,12.692142248859,1.82034501363238
0.0003545999999,12.6593440195612,1.80683015094818
0.0003548999997,12.6494438650064,1.80290378991205
0.0003549999999,12.6461379393822,1.8016082055165
0.0003550999999,12.6428291530764,1.80031923842405
0.0003555999999,12.6262113090655,1.79405712533339
0.0003565999999,12.5928502030003,1.78186651021273
0.0003575999999,12.5592545444427,1.7703454627383
0.0003585999999,12.5254568519932,1.75949834877394
0.0003595999999,12.4914895328281,1.74932888492573
0.0003598999997,12.481270363592,1.74641060718199
0.0003599999999,12.477861347089,1.74545147355304
0.0003600999999,12.4744510928769,1.74449916111308
0.0003605999999,12.4573704421555,1.73992545669152
0.0003615999999,12.423164500687,1.7311201072631
0.0003625999999,12.3888851775528,1.7229996104807
0.0003635999999,12.3545641516851,1.71556511718832
0.0003645999999,12.3202328531253,1.70881714714022
0.0003648999997,12.3099354290874,1.70692664355392
0.0003649999999,12.3065034882769,1.70631020340367
0.0003650999999,12.3030718877229,1.70570062802768
0.0003655999999,12.2859277016022,1.70284135101165
0.0003665999999,12.2516728512822,1.69746534548281
0.0003675999999,12.2175002227689,1.6927736147423
0.0003685999999,12.1834399906024,1.68876421260858
0.0003695999999,12.1495219546188,1.68543459315637
0.0003698999997,12.1393780238219,1.68456789379885
0.0003699999999,12.1360002551413,1.68429251496913
0.0003700999999,12.1326243267072,1.68402389038728
0.0003705999999,12.1157994631419,1.68286589575586
0.0003715999999,12.082257188023,1.68088532924421
0.0003725999999,12.0489439701881,1.6795733176621
0.0003735999999,12.0158878780787,1.67892499917943
0.0003745999999,11.9831164935405,1.67893495546324
0.0003748999997,11.9733440574577,1.67906557372317
0.0003749999999,11.97009291531,1.67912213686353
0.0003750999999,11.9668450056546,1.67918519894256
0.0003755999999,11.9506981553437,1.67967821738913
0.0003765999999,11.9185801551069,1.68098543428462
0.0003775999999,11.8868264162113,1.68293136857144
0.0003785999999,11.855462372835,1.68550848068097
0.0003795999999,11.8245128764489,1.68870872818813
0.0003798999997,11.8153119712981,1.68978925292454
0.0003799999999,11.8122538692106,1.6901616878289
0.0003800999999,11.8092002580654,1.69054023370163
0.0003805999999,11.7940590723496,1.69259964297813
0.0003815999999,11.764013708757,1.69701891516706
0.0003825999999,11.7344537013527,1.70203424106597
0.0003835999999,11.7054014038536,1.7076356900139
0.0003845999999,11.6768785083641,1.71381289089173
0.0003848999997,11.6684275729478,1.7157769713384
0.0003849999999,11.6656216810723,1.71644292341628
0.0003850999999,11.66282138287,1.71711448035234
0.0003855999999,11.6489765963952,1.72062471438839
0.0003865999999,11.621577348675,1.72791917493769
0.0003875999999,11.5947683883365,1.73575571756757
0.0003885999999,11.5685686306353,1.74412234737785
0.0003895999999,11.5429962684976,1.75300669838652
0.0003898999997,11.5354491528998,1.75577136027922
0.0003899999999,11.5329464097451,1.75670296657979
0.0003900999999,11.5304501897829,1.75763956998026
0.0003905999999,11.5181508238052,1.7624580617422
0.0003915999999,11.4938869192019,1.77233768431213
0.0003925999999,11.4703004650639,1.78269581046948
0.0003935999999,11.4474066723838,1.793518739095
0.0003945999999,11.425219987828,1.80479247249288
0.0003948999997,11.4187036406683,1.80826069929524
0.0003949999999,11.4165459914095,1.80942545199266
0.0003950999999,11.4143956087785,1.81059451039247
0.0003955999999,11.4038453132017,1.81655605726046
0.0003965999999,11.3831146432848,1.82868645769559
0.0003975999999,11.3631296798198,1.84122401446454
0.0003985999999,11.3439017577073,1.85415370008927
0.0003995999999,11.3254414243425,1.86746026826878
0.0003998999997,11.3200542795653,1.87152377844805
0.0003999999999,11.3182741476999,1.87288545274412
0.0004000999999,11.31650183164,1.87425067676478
0.0004005999999,11.3078563960399,1.88117211280438
0.0004015999999,11.290960773766,1.89518394110632
0.0004025999999,11.2748595377839,1.90952573799082
0.0004035999999,11.2595600686618,1.92418154192637
0.0004045999999,11.2450689547739,1.93913525169201
0.0004048999997,11.2408800225072,1.94367740173207
0.0004049999999,11.2395000161534,1.94519702473264
0.0004050999999,11.238128177023,1.94671939653947
0.0004055999999,11.231494213652,1.95440445440295
0.0004065999999,11.2186369718305,1.96990314254812
0.0004075999999,11.2066030147377,1.98565074268244
0.0004085999999,11.1953957815138,2.00163075471993
0.0004095999999,11.1850179321857,2.01782661758293
0.0004098999997,11.1820665823949,2.02272536077336
0.0004099999999,11.1810994312699,2.02436219803336
0.0004100999999,11.1801406020639,2.02600095800002
0.0004105999999,11.1755753777157,2.03424520422287
0.0004115999999,11.1668612576027,2.05082083786968
0.0004125999999,11.1589797816368,2.06756242747729
0.0004135999999,11.1519305472253,2.08445332418867
0.0004145999999,11.1457124024287,2.10147689469213
0.0004148999997,11.1440088152379,2.10660772761857
0.0004149999999,11.1434575294158,2.10832026469898
0.0004150999999,11.1429145288378,2.11003389264073
0.0004155999999,11.1404268980209,2.11862962366052
0.0004165999999,11.135864128289,2.13586671339742
0.0004175999999,11.1321244877758,2.15318682723677
0.0004185999999,11.1292039125577,2.17057354323343
0.0004195999999,11.1270976344123,2.18801052776373
0.0004198999997,11.1266238773542,2.19324935973588
0.0004199999999,11.1264821143857,2.19499625723792
0.0004200999999,11.1263484179709,2.19674342670557
0.0004205999999,11.1259007875464,2.2054844188301
0.0004215999999,11.1254052097787,2.22297135885685
0.000422510747253213,11.1256465756325,2.23889985843029
0.000423510747253213,11.1266650817418,2.25637674185655
0.000424510747253213,11.1284645422572,2.27382544561656
0.000424899999610747,11.1293745477039,2.28060684803092
0.0004249999999,11.1296271719697,2.28234785134713
0.0004250999999,11.1298874748303,2.28408833670033
0.0004255999999,11.1313987158841,2.29277434954149
0.0004265999999,11.1347997843847,2.3101123645388
0.0004275999999,11.138952890461,2.32737483779034
0.0004285999999,11.1438474722658,2.34454683416308
0.0004295999999,11.1494723926452,2.36161363551397
0.0004298999997,11.1513008253198,2.36671131246162
0.0004299999999,11.1519246318206,2.36840809039803
0.0004300999999,11.1525555765,2.37010361018971
0.0004305999999,11.155904749518,2.37854456269453
0.0004315999999,11.1629531351907,2.39535598384744
0.0004325999999,11.1706950861275,2.41201950163426
0.0004335999999,11.1791173224336,2.42852137754865
0.0004345999999,11.1882060688638,2.44484814363567
0.0004348999997,11.1910608744233,2.44971033956435
0.0004349999999,11.192025468006,2.45132725645574
0.0004350999999,11.192996525034,2.4529422344627
0.0004355999999,11.1980273543533,2.46096196091917
0.0004365999999,11.2084040210126,2.47689764716551
0.0004375999999,11.2194030168395,2.49261957678699
0.0004385999999,11.2310087595787,2.50811545902281
0.0004395999999,11.2432052589911,2.52337331883711
0.0004398999997,11.2469773444275,2.52790276800722
0.0004399999999,11.2482461324655,2.52940754753988
0.0004400999999,11.2495205960624,2.53090978081135
0.0004405999999,11.2560465054864,2.53834931575648
0.0004415999999,11.269372881854,2.55309512188308
0.0004425999999,11.2832397362622,2.56756899570192
0.0004435999999,11.2976296322625,2.58176030201667
0.0004445999999,11.3125248179328,2.59565875751472
0.0004448999997,11.3170896270257,2.59976991143907
0.0004449999999,11.3186209073796,2.60113420363324
0.0004450999999,11.3201569847681,2.6024954257411
0.0004455999999,11.3279665857394,2.6092157598837
0.0004465999999,11.3438156143247,2.62249793788306
0.0004475999999,11.3601149429325,2.63545863231049
0.0004485999999,11.376845750184,2.64808902537933
0.0004495999999,11.3939889946011,2.66038067793148
0.0004498999997,11.3992099590695,2.66400107865686
0.0004499999999,11.4009580725324,2.66520091302492
0.0004500999999,11.4027100373869,2.666397244915
0.0004505999999,11.4115729221881,2.67228151569312
0.0004515999999,11.4294806897535,2.6838709795737
0.0004525999999,11.4477426230141,2.69509874644603
0.0004535999999,11.4663389946772,2.70595793026911
0.0004545999999,11.4852499533466,2.71644204078888
0.0004548999997,11.4909820562179,2.71951334271265
0.0004549999999,11.4928985752339,2.72052946411343
0.0004550999999,11.4948179568368,2.72154174758136
0.0004555999999,11.5044906547931,2.72649684103343
0.0004565999999,11.5239683206391,2.73621225127911
0.0004575999999,11.5437004583431,2.74553556348929
0.0004585999999,11.563666912414,2.75446188978172
0.0004595999999,11.5838474977193,2.76298674568038
0.0004598999997,11.5899408649213,2.76546537894004
0.0004599999999,11.5919757906088,2.76628346392068
0.0004600999999,11.5940125707615,2.76709747555931
0.0004605999999,11.6042445281399,2.77105503027791
0.0004615999999,11.6247902725131,2.77876468227138
0.0004625999999,11.6454896041142,2.7860618835051
0.0004635999999,11.6663224051385,2.79294376341257
0.0004645999999,11.6872686190418,2.79940785317077
0.0004648999997,11.6935720583459,2.80126532990029
0.0004649999999,11.6956749989211,2.80187608406453
0.0004650999999,11.6977787897316,2.80248263027588
0.0004655999999,11.70831823973,2.80539944787858
0.0004665999999,11.7294289666034,2.81102197581524
0.0004675999999,11.7505934946662,2.81622175120255
0.0004685999999,11.7717921880533,2.82099789437535
0.0004695999999,11.7930055576477,2.82534991691834
0.0004698999997,11.7993699688671,2.82657278952355
0.0004699999999,11.8014912741779,2.82697192907878
0.0004700999999,11.8036124514717,2.82736682535313
0.0004705999999,11.8142120490864,2.82922470486226
0.0004715999999,11.8353945948703,2.8327286384227
0.0004725999999,11.8565344172408,2.83580934830158
0.0004735999999,11.877612776014,2.83846787636904
0.0004745999999,11.8986111561726,2.84070563704717
0.0004748999997,11.9048927427727,2.84129512495734
0.0004749999999,11.906984571752,2.84148324801906
0.0004750999999,11.9090753409647,2.84166718810635
0.0004755999999,11.9194974483273,2.84247221362307
0.0004765999999,11.9402790701086,2.84387444843871
0.0004775999999,11.9609266993199,2.84486239074443
0.0004785999999,11.9814228668787,2.84543889508244
0.0004795999999,12.0017503987963,2.84560716242569
0.0004798999997,12.0078136185905,2.84557847039266
0.0004799999999,12.0098309189631,2.84556082581982
0.0004800999999,12.0118462928996,2.84553914860795
0.0004805999999,12.0218678135306,2.84532047047265
0.0004815999999,12.0418057565133,2.84468373477221
0.0004825999999,12.0615254817295,2.84365042238978
0.0004835999999,12.0810111216854,2.84222505635563
0.0004845999999,12.100247164246,2.84041247349632
0.0004848999997,12.1059673654181,2.83979383031975
0.0004849999999,12.1078687478605,2.8395799937788
0.0004850999999,12.1097674185835,2.83936235761236
0.0004855999999,12.1191840935373,2.83817051667698
0.0004865999999,12.1378740667124,2.83559993507449
0.0004875999999,12.1562701934287,2.83265849247308
0.0004885999999,12.1743584880161,2.82935220565863
0.0004895999999,12.1921253698607,2.82568736707986
0.0004898999997,12.1973910679279,2.82451881854553
0.0004899999999,12.199139560016,2.82412228712452
0.0004900999999,12.2008846502614,2.82372226291424
0.0004905999999,12.209514744954,2.8216271154647
0.0004915999999,12.2265981658554,2.81726598635661
0.0004925999999,12.2433220008034,2.81256678469002
0.0004935999999,12.2596743719648,2.80753682096234
0.0004945999999,12.2756438450636,2.80218363879206
0.0004948999997,12.2803586063368,2.80051563254986
0.0004949999999,12.2819222749342,2.79995335054403
0.0004950999999,12.2834819577758,2.79938794631132
0.0004955999999,12.2911692849683,2.79647625346164
0.0004965999999,12.3063391878689,2.79050116873327
0.0004975999999,12.3210946703064,2.78422683015151
0.0004985999999,12.3354261314865,2.77766162213358
0.0004995999999,12.3493244411233,2.77081411640749
0.0004998999997,12.3534083484775,2.76870591944415
0.0004999999999,12.3547607826417,2.76799774889669
0.0005000999999,12.3561087615495,2.7672868793525
0.0005005999999,12.3627250031108,2.76365962932139
0.0005015999999,12.3757305393546,2.75627507389674
0.0005025999999,12.3882784543345,2.74863498395985
0.0005035999999,12.4003615354723,2.74074858406178
0.0005045999999,12.4119730560157,2.7326252381469
0.0005048999997,12.4153637431261,2.73014322940414
0.0005049999999,12.4164843930532,2.72931137960427
0.0005050999999,12.4176002379359,2.72847729497328
0.0005055999999,12.4230465452195,2.72424682952109
0.0005065999999,12.4336960387741,2.71567940368115
0.0005075999999,12.4438567822954,2.70690387547045
0.0005085999999,12.4535240046971,2.69793006760053
0.0005095999999,12.4626934245846,2.68876789330771
0.0005098999997,12.465346674963,2.68598377486515
0.0005099999999,12.4662210458845,2.68505220528117
0.0005100999999,12.4670903840961,2.68411889385119
0.0005105999999,12.4712982536548,2.67940591131464
0.0005115999999,12.4794608086445,2.66989832069164
0.0005125999999,12.4871157080282,2.66023255552492
0.0005135999999,12.4942606189913,2.65041879225472
0.0005145999999,12.5008936912495,2.64046724915231
0.0005148999997,12.5027836082294,2.63745621926123
0.0005149999999,12.5034033114362,2.63645003032919
0.0005150999999,12.5040178759862,2.63544260914177
0.0005155999999,12.506949313561,2.63037311600616
0.0005165999999,12.5125550027788,2.62017807284276
0.0005175999999,12.5176462274908,2.60987606054007
0.0005185999999,12.5222230360304,2.59947736790485
0.0005195999999,12.5262859417231,2.58899227812732
0.0005198999997,12.5274047047759,2.5858312082952
0.0005199999999,12.5277673710177,2.58477603410907
0.0005200999999,12.5281249112892,2.58372014182676
0.0005205999999,12.5297719122043,2.57842242270472
0.0005215999999,12.5328106057642,2.56779659752503
0.0005225999999,12.5353397335776,2.55711509413161
0.0005235999999,12.5373616177703,2.54638808061813
0.0005245999999,12.5388790183985,2.53562567425645
0.0005248999997,12.5392362496462,2.53239133060854
0.0005249999999,12.5393453129665,2.53131274688877
0.0005250999999,12.5394493760603,2.53023395219974
0.0005255999999,12.5398327640546,2.52483562455919
0.0005265999999,12.5403516848466,2.51403378007018
0.0005275999999,12.5403770151453,2.50322649307026
0.0005285999999,12.5399131979044,2.49242359093976
0.0005295999999,12.5389650784464,2.48163480817626
0.0005298999997,12.5385868508135,2.47840215454358
0.0005299999999,12.5384512133969,2.4773251143253
0.0005300999999,12.538310806721,2.47624835230518
0.0005305999999,12.5374784855921,2.47087356744926
0.0005315999999,12.5355786025555,2.46014299656778
0.0005325999999,12.533211332256,2.44945509721967
0.0005335999999,12.5303830453276,2.43881915344383
0.0005345999999,12.5271004718792,2.42824431827176
0.0005348999997,12.5260279968635,2.42508493497179
0.0005349999999,12.5256615876338,2.42403324328391
0.0005350999999,12.5252907355193,2.42298229096076
0.0005355999999,12.5233154185435,2.41774913677533
0.0005365999999,12.5191468095809,2.40732451449408
0.0005375999999,12.5145462072051,2.39698758432622
0.0005385999999,12.5095216824737,2.38674690542943
0.0005395999999,12.5040816169731,2.37661087243497
0.0005398999997,12.502369655423,2.37359152063068
0.0005399999999,12.5017908969205,2.37258735807002
0.0005400999999,12.5012081058219,2.37158435906727
0.0005405999999,12.4981845965897,2.36660251310138
0.0005415999999,12.4919409298997,2.35670125783648
0.0005425999999,12.4853086594883,2.3469287619426
0.0005435999999,12.478297302033,2.33729270232739
0.0005445999999,12.4709166310943,2.32780056299612
0.0005448999997,12.4686316745846,2.32498191995817
0.0005449999999,12.4678628740328,2.32404542353657
0.0005450999999,12.4670905222474,2.32311047014029
0.0005455999999,12.4631326272117,2.31847914386817
0.0005465999999,12.4550449227174,2.30929736836888
0.0005475999999,12.4466186813511,2.3002807323282
0.0005485999999,12.4378645899349,2.29143589961534
0.0005495999999,12.4287935352291,2.2827693183637
0.0005498999997,12.4260118085857,2.28020490404186
0.0005499999999,12.425078490029,2.27935381204107
0.0005500999999,12.4241421588327,2.27850459139221
0.0005505999999,12.419379316445,2.27431079822776
0.0005515999999,12.4097091577376,2.26601991348593
0.0005525999999,12.399755798333,2.25792526392523
0.0005535999999,12.3895308060813,2.25003239788108
0.0005545999999,12.3790458899358,2.24234663092091
0.0005548999997,12.3758512271695,2.24008194107939
0.0005549999999,12.3747814221166,2.23933130692884
0.0005550999999,12.3737091857568,2.23858281632097
0.0005555999999,12.3682828995616,2.23489998732535
0.0005565999999,12.3573152713516,2.22764400561622
0.0005575999999,12.3461235861506,2.2206096170412
0.0005585999999,12.3347199970961,2.21380118120873
0.0005595999999,12.323116739092,2.20722281384685
0.0005598999997,12.3195983854741,2.20529466975858
0.0005599999999,12.3184218996232,2.20465664819744
0.0005600999999,12.3172435917428,2.20402098270608
0.0005605999999,12.3113037552452,2.20090794515362
0.0005615999999,12.2993396818027,2.19480151078315
0.0005625999999,12.2872130216626,2.18893598374849
0.0005635999999,12.2749362177359,2.18331449135451
0.0005645999999,12.2625217361991,2.17793991181516
0.0005648999997,12.2587721284953,2.17637603126366
0.0005649999999,12.2575198018622,2.17585973830072
0.0005650999999,12.2562662756691,2.17534595222319
0.0005655999999,12.2499674752694,2.17284627747049
0.0005665999999,12.2373166319156,2.16797343639864
0.0005675999999,12.2245655323317,2.16335461475617
0.0005685999999,12.211726620455,2.15899169322831
0.0005695999999,12.1988123070839,2.15488630395292
0.0005698999997,12.1949248821252,2.15370509317276
0.0005699999999,12.1936278592688,2.15331653965426
0.0005700999999,12.1923302581272,2.15293058153687
0.0005705999999,12.1858281370535,2.15107230016633
0.0005715999999,12.1728015996812,2.14748600279898
0.0005725999999,12.1597365766939,2.14416062103523
0.0005735999999,12.1466452371748,2.14109680289655
0.0005745999999,12.1335396639149,2.13829495388565
0.0005748999997,12.1296067428168,2.13750551519175
0.0005749999999,12.1282957688881,2.13724761216424
0.0005750999999,12.1269848230366,2.13699233157231
0.0005755999999,12.120432584148,2.13578800573083
0.0005765999999,12.1073358713255,2.1335103211761
0.0005775999999,12.0942605394186,2.13149435706866
0.0005785999999,12.0812182251816,2.12973956942266
0.0005795999999,12.0682204302092,2.12824518286875
0.0005798999997,12.064331221761,2.12784752817794
0.0005799999999,12.0630359788268,2.12772016072262
0.0005800999999,12.0617413426446,2.12759538340115
0.0005805999999,12.0552864614287,2.12704251878686
0.0005815999999,12.0424130102587,2.12606552406999
0.0005825999999,12.0296176604246,2.12534521736315
0.0005835999999,12.0169112821696,2.12487992793721
0.0005845999999,12.0043045668871,2.12466776944664
0.0005848999997,12.0005433290494,2.12465322576853
0.0005849999999,11.9992918256042,2.12465339061421
0.0005850999999,11.9980414683068,2.12465605732029
0.0005855999999,11.9918226795481,2.12473783052481
0.0005865999999,11.9794478805352,2.12502512492398
0.0005875999999,11.9672036403186,2.12555860971544
0.0005885999999,11.9550998558919,2.12633557475334
0.0005895999999,11.943146207623,2.12735311411819
0.0005898999997,11.939590600829,2.12770490345831
0.0005899999999,11.9384086256529,2.12782690447583
0.0005900999999,11.9372282865383,2.12795126756364
0.0005905999999,11.9313728992366,2.12863753857127
0.0005915999999,11.9197487974375,2.13012632160453
0.0005925999999,11.9083024764306,2.13184580886585
0.0005935999999,11.8970426840224,2.13379235726132
0.0005945999999,11.8859779201055,2.13596215122004
0.0005948999997,11.8826975803064,2.13665612425616
0.0005949999999,11.881608229903,2.13689181891733
0.0005950999999,11.8805209473421,2.13712968974009
0.0005955999999,11.8751425327481,2.13837826441261
0.0005965999999,11.8644932829193,2.14098190625593
0.0005975999999,11.8540629873682,2.14379634355306
0.0005985999999,11.8438591021027,2.14681712265835
0.0005995999999,11.833888810821,2.15003964352911
0.0005998999997,11.8309441640964,2.15104514393403
0.0005999999999,11.8299674509019,2.1513842329972
0.0006000999999,11.8289931722218,2.15172527237408
0.0006005999999,11.8241896595823,2.15348337577826
0.0006015999999,11.8147078024127,2.15709440115831
0.0006025999999,11.8054793818134,2.16089252931605
0.0006035999999,11.7965104543822,2.16487263095409
0.0006045999999,11.7878067871365,2.1690294585389
0.0006048999997,11.7852481213637,2.17031029295951
0.0006049999999,11.7844006678055,2.17074064503104
0.0006050999999,11.7835559451029,2.17117268841814
0.0006055999999,11.779408149128,2.17337860692686
0.0006065999999,11.7712517544485,2.17787200789109
0.0006075999999,11.7633761217616,2.18252572912899
0.0006085999999,11.7557858364668,2.18733410954671
0.0006095999999,11.7484851843016,2.19229139933902
0.0006098999997,11.7463519869867,2.19380688681483
0.0006099999999,11.7456468083418,2.19431488903551
0.0006100999999,11.7449445831336,2.19482429764403
0.0006105999999,11.7415151765555,2.19740914587848
0.0006115999999,11.7348058781525,2.20264593533139
0.0006125999999,11.7283972240435,2.20801390430943
0.0006135999999,11.7222922924561,2.21350700914444
0.0006145999999,11.7164938589672,2.2191191476302
0.0006148999997,11.7148144240369,2.22082522164381
0.0006149999999,11.7142608009392,2.22139614756068
0.0006150999999,11.7137102784578,2.22196817648128
0.0006155999999,11.7110432125904,2.22485774435538
0.0006165999999,11.705865138386,2.23068866084561
0.0006175999999,11.7010000391679,2.23662000907008
0.0006185999999,11.6964494850329,2.24264551382807
0.0006195999999,11.69221474728,2.24875887150494
0.0006198999997,11.6910060475432,2.25060920788691
0.0006199999999,11.690609486965,2.25122759358917
0.0006200999999,11.6902160988842,2.25184676800332
0.0006205999999,11.6883364650284,2.25496340335304
0.0006215999999,11.6847360463764,2.26123267823899
0.0006225999999,11.6814534455395,2.26757078331983
0.0006235999999,11.6784887569965,2.27397136129447
0.0006245999999,11.675841786733,2.28042805585718
0.0006248999997,11.6751096029823,2.28237520038993
0.0006249999999,11.6748718846047,2.28302522020238
0.0006250999999,11.6746373370748,2.2836757109807
0.0006255999999,11.6735516521663,2.28694019445904
0.0006265999999,11.6715382772513,2.29348929516486
0.0006275999999,11.6698403019942,2.30007550937241
0.0006285999999,11.6684564090268,2.3066925422622
0.0006295999999,11.6673850087267,2.31333412808466
0.0006298999997,11.6671243011614,2.31533059882402
0.0006299999999,11.6670436042954,2.31599643225023
0.0006300999999,11.6669660064153,2.31666242263951
0.0006305999999,11.6666628976456,2.31999579366306
0.0006315999999,11.6662103568248,2.32666706111835
0.0006325999999,11.6660639142184,2.33334431840792
0.000633483082540793,11.6661870484543,2.33924109424062
0.000634483082540793,11.6666096593598,2.34591312716248
0.000634899999583083,11.6668741015198,2.348691946953
0.0006349999999,11.6669452067793,2.34935812975594
0.0006350999999,11.6670192735951,2.35002416527557
0.0006355999999,11.6674705316322,2.35334945995925
0.0006365999999,11.6685191924925,2.359989562718
0.0006375999999,11.6698582801331,2.36660578799174
0.0006385999999,11.6714839552819,2.37319236563759
0.0006395999999,11.6733921541069,2.37974360454371
0.0006398999997,11.6740191721563,2.38170136925974
0.0006399999999,11.6742337269198,2.38235311766416
0.0006400999999,11.6744510464558,2.38300443289078
0.0006405999999,11.6756129942761,2.38624830294802
0.0006415999999,11.6780725995306,2.39271144700995
0.0006425999999,11.6808012220644,2.399122708794
0.0006435999999,11.6837939590994,2.40547675698237
0.0006445999999,11.6870457132533,2.41176836025884
0.0006448999997,11.6880710853594,2.41364300861324
0.0006449999999,11.6884179308854,2.41426652084401
0.0006450999999,11.6887672918216,2.4148893356213
0.0006455999999,11.6905824513859,2.41798351110745
0.0006465999999,11.6943355025651,2.42413433156794
0.0006475999999,11.698331154048,2.4302076650018
0.0006485999999,11.702563595697,2.43619871750435
0.0006495999999,11.7070268557019,2.44210281299037
0.0006498999997,11.7084100724733,2.44385650103671
0.0006499999999,11.7088756156315,2.44443921651404
0.0006500999999,11.7093433802108,2.4450209975182
0.0006505999999,11.7117423598008,2.44790357392019
0.0006515999999,11.7166479322216,2.45361967099996
0.0006525999999,11.7217654895721,2.45923553678203
0.0006535999999,11.7270884836446,2.46474699704986
0.0006545999999,11.7326102396041,2.47015000981737
0.0006548999997,11.7343046677407,2.47174926402917
0.0006549999999,11.7348732910584,2.47228008713201
0.0006550999999,11.7354438056898,2.47280977003527
0.0006555999999,11.7383473698345,2.47542629633692
0.0006565999999,11.7442452820115,2.48060036981846
0.0006575999999,11.7503212313712,2.48565470468464
0.0006585999999,11.7565681097289,2.49058581127363
0.0006595999999,11.7629787185608,2.49539034299074
0.0006598999997,11.7649329078822,2.49680660716723
0.0006599999999,11.7655874060824,2.49727608779223
0.0006600999999,11.7662434383003,2.49774425694785
0.0006605999999,11.7695647035096,2.50004860991275
0.0006615999999,11.7762799273131,2.50459016360452
0.0006625999999,11.7831368094153,2.50899599623724
0.0006635999999,11.7901278642111,2.51326334950097
0.0006645999999,11.7972455524271,2.51738961533459
0.0006648999997,11.7994045913333,2.51859966409661
0.0006649999999,11.8001266235837,2.51900013368263
0.0006650999999,11.8008498145004,2.51939915724455
0.0006655999999,11.804496516518,2.52135419207937
0.0006665999999,11.8118437195766,2.52519078971842
0.0006675999999,11.8192946858108,2.52887940566455
0.0006685999999,11.8268417349691,2.53241804145675
0.0006695999999,11.8344771693556,2.5358048524135
0.0006698999997,11.836784056513,2.53679106807842
0.0006699999999,11.8375546036589,2.53711673006957
0.0006700999999,11.8383259251904,2.53744084954072
0.0006705999999,11.8422027043184,2.53901882249754
0.0006715999999,11.8499908180751,2.5420968872736
0.0006725999999,11.8578441913154,2.5450185371797
0.0006735999999,11.865755128072,2.54778254398582
0.0006745999999,11.8737159499263,2.55038783320584
0.0006748999997,11.8761129510489,2.55113834600257
0.0006749999999,11.8769127674737,2.551385320778
0.0006750999999,11.8777129739908,2.55163069503653
0.0006755999999,11.8817236270217,2.55281345876632
0.0006765999999,11.8897603380415,2.55509861911569
0.0006775999999,11.8978240769298,2.55722277496597
0.0006785999999,11.9059073032954,2.55918546116372
0.0006795999999,11.9140025273384,2.56098636285738
0.0006798999997,11.9164324876548,2.56149505747327
0.0006799999999,11.9172425379911,2.56166138278028
0.0006800999999,11.9180526026327,2.56182608763965
0.0006805999999,11.9221022529626,2.56260506511003
0.0006815999999,11.9301983213629,2.56408205936677
0.0006825999999,11.9382842934,2.56539723321914
0.0006835999999,11.9463529444566,2.56655086084058
0.0006845999999,11.9543971309531,2.56754336008648
0.0006848999997,11.9568047162458,2.56780975436729
0.0006849999999,11.9576065879331,2.56789534323429
0.0006850999999,11.9584081145951,2.56797932853176
0.0006855999999,11.9624052560668,2.56835527597109
0.0006865999999,11.9703785730629,2.56902743767979
0.0006875999999,11.978306550323,2.56954058644593
0.0006885999999,11.9861824250518,2.56989569669218
0.0006895999999,11.9939995427822,2.57009387701385
0.0006898999997,11.9963323846774,2.57012288121213
0.0006899999999,11.9971086683,2.57012944017227
0.0006900999999,11.9978842712534,2.57013444723272
0.0006905999999,12.0017426460615,2.5701170207721
0.0006915999999,12.0094219523316,2.57000537478817
0.0006925999999,12.0170232536118,2.56974092272874
0.0006935999999,12.0245403782202,2.56932528641042
0.0006945999999,12.0319672864756,2.56876020976346
0.0006948999997,12.0341770108704,2.56856177700371
0.0006949999999,12.0349116412823,2.56849268821338
0.0006950999999,12.0356452854509,2.56842213128665
0.0006955999999,12.0392855618893,2.56802927566775
0.0006965999999,12.0465137594767,2.56717128245409
0.0006975999999,12.0536344739288,2.56616980012004
0.0006985999999,12.0606422350958,2.56502703302979
0.0006995999999,12.0675317245172,2.56374529343366
0.0006998999997,12.0695748455647,2.56333397399763
0.0006999999999,12.0702533979917,2.56319414547442
0.0007000999999,12.0709306941018,2.56305296138232
0.0007005999999,12.0742819158983,2.56231014222334
0.0007015999999,12.0809189183812,2.56075813388055
0.0007025999999,12.0874226578528,2.55907471811821
0.0007035999999,12.0937884556347,2.55726260698333
0.0007045999999,12.1000118001857,2.55532460442513
0.0007048999997,12.1018504660228,2.55471901803023
0.0007049999999,12.102460402586,2.554514706753
0.0007050999999,12.1030688526614,2.55430917749775
0.0007055999999,12.1060696379688,2.55324848111806
0.0007065999999,12.1119947163287,2.55106783757509
0.0007075999999,12.1177648564393,2.54877024184741
0.0007085999999,12.1233762394746,2.54635883088827
0.0007095999999,12.1288252247991,2.54383681624553
0.0007098999997,12.1304278051031,2.54305905767433
0.0007099999999,12.1309586685139,2.54279767067794
0.0007100999999,12.1314878584899,2.54253522415094
0.0007105999999,12.1340873331307,2.54119435081963
0.0007115999999,12.1392009278315,2.53846146821001
0.0007125999999,12.1441423109288,2.5356280358224
0.0007135999999,12.1489085697176,2.53269752701594
0.0007145999999,12.1534969762942,2.52967347155582
0.0007148999997,12.1548384857063,2.52874846578649
0.0007149999999,12.1552820381971,2.52843834464234
0.0007150999999,12.1557237757442,2.5281273388284
0.0007155999999,12.1578822318835,2.52654851650957
0.0007165999999,12.1621072148202,2.52334862204253
0.0007175999999,12.1661473010871,2.52006607688346
0.0007185999999,12.1700005082192,2.5167045987904
0.0007195999999,12.1736650407713,2.51326794330049
0.0007198999997,12.1747273961263,2.51222276668658
0.0007199999999,12.1750777029809,2.51187296088787
0.0007200999999,12.1754260999295,2.51152245708496
0.0007205999999,12.1771153778327,2.50975130330663
0.0007215999999,12.1803977607307,2.506176171921
0.0007225999999,12.1834872265605,2.50253732204808
0.0007235999999,12.1863827255187,2.49883862252729
0.0007245999999,12.1890833927962,2.49508396134414
0.0007248999997,12.1898555058747,2.49394714540601
0.0007249999999,12.1901089641807,2.49356718017602
0.0007250999999,12.1903604641926,2.49318671074765
0.0007255999999,12.1915640609641,2.49127107013801
0.0007265999999,12.1938731592376,2.48741669793599
0.0007275999999,12.1959859542838,2.48351810680078
0.0007285999999,12.1979023106014,2.47957922415193
0.0007295999999,12.1996222716476,2.47560397832944
0.0007298999997,12.2000999827369,2.47440481236573
0.0007299999999,12.2002552971673,2.47400445628511
0.0007300999999,12.2004086504834,2.47360379233746
0.0007305999999,12.2011215655645,2.47159257668182
0.0007315999999,12.2024496383043,2.46755686464313
0.0007325999999,12.2035825241039,2.46349654301905
0.0007335999999,12.2045209639572,2.45941550813844
0.0007345999999,12.2052658680833,2.45531763981803
0.0007348999997,12.2054517289248,2.45408548784844
0.0007349999999,12.2055098374502,2.45367452546015
0.0007350999999,12.2055660256375,2.45326344959706
0.0007355999999,12.2057943582368,2.45120550601469
0.0007365999999,12.2061557556937,2.44708600487539
0.0007375999999,12.2063273592305,2.44296117372614
0.0007385999999,12.2063107307884,2.43883479282596
0.0007395999999,12.2061075884839,2.43471060963323
0.0007398999997,12.206010506141,2.43347425617359
0.0007399999999,12.205974459554,2.43306227038393
0.0007400999999,12.2059365741517,2.43265035935022
0.0007405999999,12.205696892604,2.43059339042418
0.0007415999999,12.2051267520466,2.42648515397768
0.0007425999999,12.2043761768848,2.42239012468836
0.0007435999999,12.2034474787415,2.4183118881321
0.0007445999999,12.2023431094855,2.41425398224983
0.0007448999997,12.2019778652343,2.41304102013431
0.0007449999999,12.2018526652176,2.4126371887962
0.0007450999999,12.2017257450292,2.41223361038595
0.0007455999999,12.2010442522432,2.41022316786352
0.0007465999999,12.1995967912567,2.40621675742852
0.0007475999999,12.1979818367787,2.40224097114817
0.0007485999999,12.1962023654114,2.39829912912627
0.0007495999999,12.1942614756755,2.3943944907154
0.0007498999997,12.1936481351608,2.39323076265871
0.0007499999999,12.1934405363401,2.39284367321303
0.0007500999999,12.1932313688253,2.39245700130787
0.0007505999999,12.1921428914187,2.39053557239368
0.0007515999999,12.189889354445,2.38671524993504
0.0007525999999,12.1874844001587,2.382941512389
0.0007535999999,12.1849315744793,2.37921735264262
0.0007545999999,12.1822345250335,2.3755456916475
0.0007548999997,12.1813977576185,2.3744547955268
0.0007549999999,12.1811160395939,2.37409228100456
0.0007550999999,12.1808329323635,2.37373033203261
0.0007555999999,12.1793797637645,2.37193653439496
0.0007565999999,12.176406082878,2.36837867592854
0.0007575999999,12.17329969964,2.36488161810336
0.0007585999999,12.1700646252758,2.3614479748542
0.0007595999999,12.1667049511544,2.3580802790899
0.0007598999997,12.165673277604,2.35708314506838
0.0007599999999,12.1653269933547,2.35675214413542
0.0007600999999,12.1649795221698,2.35642183761989
0.0007605999999,12.1632101518455,2.35478973610144
0.0007615999999,12.1596143863723,2.35156149071926
0.0007625999999,12.1559067396671,2.34840627945887
0.0007635999999,12.1520915785781,2.34532629627641
0.0007645999999,12.1481733277197,2.34232364721344
0.0007648999997,12.1469783160936,2.3414381928723
0.0007649999999,12.146578023386,2.34114463594571
0.0007650999999,12.1461767632946,2.34085188115903
0.0007655999999,12.144144525359,2.33941043590544
0.0007665999999,12.140034146964,2.33656864918221
0.0007675999999,12.1358342590798,2.33380996512177
0.0007685999999,12.1315494715076,2.33113612781589
0.0007695999999,12.1271844291551,2.32854878880927
0.0007698999997,12.1258598590447,2.32778965645075
0.0007699999999,12.1254168415577,2.3275383792476
0.0007700999999,12.124973087882,2.32728798931816
0.0007705999999,12.1227347626357,2.3260606416918
0.0007715999999,12.1182238529564,2.32365105553588
0.0007725999999,12.1136467910435,2.32133234909588
0.0007735999999,12.1090083166249,2.3191057980192
0.0007745999999,12.104313182109,2.31697258303186
0.0007748999997,12.1028941971583,2.31635096130847
0.0007749999999,12.1024201819649,2.31614564651872
0.0007750999999,12.1019456677768,2.31594128066898
0.0007755999999,12.0995600692795,2.31494567997619
0.0007765999999,12.0947664961254,2.31300241432214
0.0007775999999,12.089930551775,2.31115544384313
0.0007785999999,12.0850569950218,2.30940556837516
0.0007795999999,12.0801505756335,2.30775349266861
0.0007798999997,12.0786728436519,2.3072770227284
0.0007799999999,12.0781797214828,2.30712016984956
0.0007800999999,12.0776863379867,2.30696430379009
0.0007805999999,12.075212919593,2.30621217459416
0.0007815999999,12.0702555552627,2.30475748984561
0.0007825999999,12.0652794785037,2.30340213950794
0.0007835999999,12.060289360839,2.30214645111452
0.0007845999999,12.0552898442291,2.30099065906383
0.0007848999997,12.0537887431737,2.30066342351978
0.0007849999999,12.0532882975402,2.30055634626492
0.0007850999999,12.0527878234316,2.30045027014394
0.0007855999999,12.0502853313986,2.29994741682996
0.0007865999999,12.0452813728931,2.29899174978704
0.0007875999999,12.040281719488,2.29813611886323
0.0007885999999,12.0352908557816,2.29738039311053
0.0007895999999,12.0303132178444,2.29672435237427
0.0007898999997,12.0288230645619,2.29654694364533
0.0007899999999,12.0283267153452,2.29648979375112
0.0007900999999,12.0278305607429,2.29643363647503
0.0007905999999,12.0253557636092,2.29618007883894
0.0007915999999,12.0204182095934,2.29572233910691
0.0007925999999,12.0155068553791,2.29536308845719
0.0007935999999,12.0106259075767,2.29510176082763
0.0007945999999,12.0057795072255,2.29493770667961
0.0007948999997,12.0043328441403,2.29490736964574
0.0007949999999,12.0038514106866,2.29489918537454
0.0007950999999,12.0033703806655,2.29489196358319
0.0007955999999,12.0009768991826,2.29488219459136
0.0007965999999,11.9962122326259,2.29491030327328
0.0007975999999,11.9914941025386,2.29503323992163
0.0007985999999,11.9868263567069,2.29525003532918
0.0007995999999,11.9822127625164,2.29555964413694
0.0007998999997,11.9808397154897,2.29567048662903
0.0007999999999,11.9803832035917,2.2957092637875
0.0008000999999,11.9799272856809,2.29574895329823
0.0008005999999,11.9776645447468,2.29597230785076
0.0008015999999,11.9731706634283,2.29646395576901
0.0008025999999,11.9687417159707,2.29704483197502
0.0008035999999,11.9643811220608,2.29771360359471
0.0008045999999,11.9600922086005,2.29846887028809
0.0008048999997,11.9588199270184,2.29871213371906
0.0008049999999,11.9583973434374,2.29879491661417
0.0008050999999,11.9579755227263,2.29887854374801
0.0008055999999,11.9558878431058,2.29931966531695
0.0008065999999,11.9517522727943,2.30024326415795
0.0008075999999,11.9476977732182,2.30124876369782
0.0008085999999,11.9437272792722,2.30233451317292
0.0008095999999,11.9398436232905,2.30349880414729
0.0008098999997,11.9386958111207,2.30386318560114
0.0008099999999,11.9383150085334,2.30398617502746
0.0008100999999,11.9379351132507,2.30410992490568
0.0008105999999,11.9360609569766,2.30474931533591
0.0008115999999,11.9323593742745,2.3060651120234
0.0008125999999,11.9287524818712,2.30745399346194
0.0008135999999,11.9252426864525,2.3089140417787
0.0008145999999,11.9218322850783,2.3104432920634
0.0008148999997,11.920828829231,2.31091530840579
0.0008149999999,11.9204963836782,2.31107398351023
0.0008150999999,11.9201649633061,2.31123332216325
0.0008155999999,11.9185363426291,2.31204795873696
0.0008165999999,11.9153314264013,2.31370928104665
0.0008175999999,11.9122321131917,2.31543364565072
0.0008185999999,11.909240251707,2.31721892200173
0.0008195999999,11.9063575767079,2.31906294371758
0.0008198999997,11.905514276594,2.31962732778142
0.0008199999999,11.905235398698,2.31981657848463
0.0008200999999,11.9049576358731,2.32000638545006
0.0008205999999,11.90359969156,2.32097038853446
0.0008215999999,11.9009403137408,2.32292498848145
0.0008225999999,11.8983946237428,2.32493163910662
0.0008235999999,11.8959638962206,2.32698805390698
0.0008245999999,11.8936492902808,2.32909192204197
0.0008248999997,11.8929776900466,2.32973204067424
0.0008249999999,11.8927561704577,2.32994630724227
0.0008250999999,11.8925358271008,2.33016101524471
0.0008255999999,11.8914665778711,2.331246349466
0.0008265999999,11.8893873364376,2.33343781032291
0.0008275999999,11.8874269867281,2.33566966709125
0.0008285999999,11.8855862267135,2.33793953495684
0.0008295999999,11.8838656398484,2.34024501629122
0.0008298999997,11.8833729624214,2.34094330001889
0.0008299999999,11.8832111511743,2.34117671637212
0.0008300999999,11.8830505485177,2.34141045467243
0.0008305999999,11.8822808095329,2.3425876465771
0.0008315999999,11.8808018987243,2.34495681949453
0.0008325999999,11.8794442158816,2.34735435834847
0.0008335999999,11.8782078925617,2.34977783726404
0.0008345999999,11.8770929493283,2.35222482884514
0.0008348999997,11.8767821291918,2.35296320311733
0.0008349999999,11.8766809479173,2.35320974053329
0.0008350999999,11.8765809793575,2.35345647860602
0.0008355999999,11.8761144440248,2.35469533416577
0.0008365999999,11.8752418496307,2.35718177122921
0.0008375999999,11.8744900279979,2.35968445245293
0.0008385999999,11.8738585666351,2.3622009665066
0.0008395999999,11.8733469478842,2.3647289113614
0.0008398999997,11.8732167574485,2.36548921973853
0.0008399999999,11.8731757427016,2.3657428277456
0.0008400999999,11.8731359177283,2.36599651608517
0.0008405999999,11.8729693937148,2.36726682214802
0.0008415999999,11.8726953945955,2.36981017426492
0.0008425999999,11.8725390562738,2.37235782975622
0.0008435999999,11.8724994556377,2.37490744463711
0.0008445999999,11.8725755723061,2.37745669435767
0.0008448999997,11.8726208348955,2.37822110462646
0.0008449999999,11.8726382102523,2.37847584609079
0.0008450999999,11.8726567270927,2.37873055115345
0.0008455999999,11.8727805144363,2.38000274600908
0.0008465999999,11.8730844654871,2.38254409620985
0.0008475999999,11.8735004961796,2.38507824659318
0.0008485999999,11.8740272160346,2.38760296947104
0.0008495999999,11.8746631470052,2.39011606584064
0.0008498999997,11.8748750278754,2.39086745081508
0.0008499999999,11.8749478019149,2.39111762848564
0.0008500999999,11.8750216460011,2.39136765903772
0.0008505999999,11.8754200425941,2.39261345861178
0.0008515999999,11.8762694092382,2.39509656409346
0.0008525999999,11.8772230391026,2.39756163961005
0.0008535999999,11.8782791260241,2.40000661795878
0.0008545999999,11.8794357874805,2.40242946882374
0.0008548999997,11.8798021529312,2.40315175452098
0.0008549999999,11.8799262397762,2.40339202660882
0.0008550999999,11.8800513047007,2.40363204906434
0.0008555999999,11.880703222255,2.40482501684179
0.0008565999999,11.8820548323056,2.40719743629618
0.0008575999999,11.8835009269227,2.4095418787039
0.0008585999999,11.885039342849,2.41185647600618
0.0008595999999,11.8866678528697,2.414139404049
0.0008598999997,11.8871736864541,2.41481787897871
0.0008599999999,11.887344045191,2.41504336169803
0.0008600999999,11.887515272465,2.41526850238037
0.0008605999999,11.8883949443755,2.41638455293662
0.0008615999999,11.8901964198162,2.4185986392947
0.0008625999999,11.8920809432785,2.42077586566375
0.0008635999999,11.8940460583011,2.42291459564796
0.0008645999999,11.8960892577313,2.42501324248763
0.0008648999997,11.8967171217867,2.42563482293469
0.0008649999999,11.8969279108327,2.42584117831478
0.0008650999999,11.8971394445104,2.42604711095944
0.0008655999999,11.8982172058226,2.42706493890121
0.0008665999999,11.9004085347382,2.4290786814956
0.0008675999999,11.902670144745,2.43104789470077
0.0008685999999,11.904999353716,2.43297119971616
0.0008695999999,11.9073934426296,2.43484727175271
0.0008698999997,11.9081239728775,2.43540071913722
0.0008699999999,11.9083687152042,2.43558422681615
0.0008700999999,11.9086140672822,2.43576724403367
0.0008705999999,11.9098571862577,2.43666867217109
0.0008715999999,11.9123723938151,2.43844637637036
0.0008725999999,11.9149441275255,2.44017321115695
0.0008735999999,11.9175695491214,2.44184807439049
0.0008745999999,11.9202457974397,2.44346992092487
0.0008748999997,11.9210582182141,2.44394600856052
0.0008749999999,11.9213299732825,2.44410362068425
0.0008750999999,11.9216021957266,2.44426068851524
0.0008755999999,11.9229757362697,2.44503093115254
0.0008765999999,11.9257446132901,2.44654372765695
0.0008775999999,11.9285556225127,2.44800072529892
0.0008785999999,11.9314058394126,2.44940111067966
0.0008795999999,11.9342923304509,2.45074412898103
0.0008798999997,11.9351649782149,2.45113575679395
0.0008799999999,11.9354565165103,2.45126513555798
0.0008800999999,11.9357483758007,2.45139393066567
0.0008805999999,11.9372160702532,2.45202176996313
0.0008815999999,11.9401659184871,2.45324795007573
0.0008825999999,11.9431432135422,2.45441485875544
0.0008835999999,11.946145013312,2.45552197648689
0.0008845999999,11.9491683801381,2.45656884255239
0.0008848999997,11.9500792233132,2.45687109954053
0.0008849999999,11.9503831994945,2.4569706373168
0.0008850999999,11.9506873497087,2.4570695667676
0.0008855999999,11.952212462202,2.45754744214558
0.0008865999999,11.9552698168767,2.45847261935479
0.0008875999999,11.9583399800891,2.45933652138513
0.0008885999999,11.9614200581514,2.46013892100273
0.0008895999999,11.9645071745862,2.46087964867535
0.0008898999997,11.9654343183373,2.46108982405647
0.0008899999999,11.9657434392259,2.46115864643655
0.0008900999999,11.9660525898873,2.46122685040743
0.0008905999999,11.967598751537,2.46155086289206
0.0008915999999,11.9706910440079,2.46216796493661
0.0008925999999,11.973781876204,2.4627232357345
0.0008935999999,11.9768684648369,2.46321673232409
0.0008945999999,11.9799480556403,2.46364856711931
0.0008948999997,11.9808702210981,2.46376611221074
0.0008949999999,11.9811774050117,2.46380406466053
0.0008950999999,11.9814844802171,2.4638414027753
0.0008955999999,11.9830164789036,2.46401123798627
0.0008965999999,11.9860736052287,2.46432033714494
0.0008975999999,11.9891156717316,2.46456844437534
0.0008985999999,11.9921400622909,2.46475588703511
0.0008995999999,11.9951442004476,2.46488304440773
0.0008998999997,11.996041168887,2.4649094882821
0.0008999999999,11.9963396931734,2.46491710743527
0.0009000999999,11.9966379788616,2.46492412976324
0.0009005999999,11.9981224881174,2.46494290488207
0.0009015999999,12.0010782529841,2.46495089747105
0.0009025999999,12.004006299324,2.46490005194797
0.0009035999999,12.0069042287106,2.46479094666762
0.0009045999999,12.0097696916664,2.46462420746385
0.0009048999997,12.0106227053594,2.46456303031356
0.0009049999999,12.0109063393871,2.46454150122576
0.0009050999999,12.011189616013,2.46451940527036
0.0009055999999,12.012595849578,2.46439344677457
0.0009065999999,12.0153892591398,2.4641135956874
0.0009075999999,12.018143470914,2.46377826838686
0.0009085999999,12.0208563476158,2.46338827020156
0.0009095999999,12.0235258086971,2.46294444863843
0.0009098999997,12.0243179214882,2.46280091754356
0.0009099999999,12.0245810427944,2.46275201848148
0.0009100999999,12.0248437011204,2.46270259373757
0.0009105999999,12.0261439819732,2.46244115391784
0.0009115999999,12.0287203636834,2.46189251046127
0.0009125999999,12.0312474495955,2.46129283232848
0.0009135999999,12.0337233992862,2.46064312383967
0.0009145999999,12.0361464352505,2.4599444254943
0.0009148999997,12.036862807329,2.45972539791258
0.0009149999999,12.0371004991023,2.45965143445822
0.0009150999999,12.037337637292,2.45957699632183
0.0009155999999,12.0385078723631,2.4591919175982
0.0009165999999,12.0408198047043,2.45839864082752
0.0009175999999,12.0430738866694,2.45755970391379
0.0009185999999,12.0452686022411,2.45667627902468
0.0009195999999,12.0474025028317,2.45574956797395
0.0009198999997,12.0480306356563,2.45546326874936
0.0009199999999,12.0482387642269,2.45536699915693
0.0009200999999,12.0484462649257,2.45527031412778
0.0009205999999,12.049466319178,2.454775650936
0.0009215999999,12.0514743591648,2.45376624415257
0.0009225999999,12.0534176583608,2.45271732397732
0.0009235999999,12.055295044279,2.45163019695092
0.0009245999999,12.0571054146772,2.45050619236136
0.0009248999997,12.0576353235178,2.45016197037625
0.0009249999999,12.0578105950294,2.45004652422681
0.0009250999999,12.0579851816143,2.44993072845017
0.0009255999999,12.0588391476924,2.44934233697325
0.0009265999999,12.0605123490476,2.44814882200585
0.0009275999999,12.0621156618142,2.44692254189723
0.0009285999999,12.0636482676915,2.44566490260217
0.0009295999999,12.065109419756,2.4443773257277
0.0009298999997,12.0655337428121,2.44398539650128
0.0009299999999,12.0656737387488,2.4438541887573
0.0009300999999,12.0658130104327,2.44372270200812
0.0009305999999,12.0664893725639,2.44305780828248
0.0009315999999,12.0678055924256,2.44171485863259
0.0009325999999,12.0690485548424,2.44034631715991
0.0009335999999,12.0702177980292,2.43895365363119
0.0009345999999,12.071312931078,2.43753834634012
0.0009348999997,12.0716269755862,2.437109526906
0.0009349999999,12.0717301673104,2.43696616947639
0.0009350999999,12.071832613265,2.43682260669582
0.0009355999999,12.0723243064998,2.43609936363082
0.0009365999999,12.0732703032999,2.43464341753282
0.0009375999999,12.0741414480111,2.43316930001971
0.0009385999999,12.0749376296866,2.43167850924274
0.0009395999999,12.0756588062081,2.43017254488379
0.0009398999997,12.0758605333292,2.42971798716822
0.0009399999999,12.0759262762454,2.42956620005507
0.0009400999999,12.0759912693669,2.42941428250945
0.0009405999999,12.0762956375176,2.42865132613428
0.0009415999999,12.0768669671831,2.42711970008727
0.0009425999999,12.0773635804823,2.42557739461062
0.0009435999999,12.0777857041063,2.42402590176473
0.0009445999999,12.0781336300915,2.42246670842275
0.0009448999997,12.0782235816441,2.42199763710026
0.0009449999999,12.0782520900281,2.42184116111564
0.0009450999999,12.0782798613918,2.42168462916422
0.0009455999999,12.0783985191224,2.42090064397299
0.0009465999999,12.0785992409029,2.41933066637274
0.0009475999999,12.078727032162,2.41775740364209
0.0009485999999,12.0787824371332,2.41618230894914
0.0009495999999,12.0787660606189,2.41460682397162
0.0009498999997,12.0787472318806,2.41413428440915
0.0009499999999,12.078739535793,2.4139767973265
0.0009500999999,12.0787311312261,2.41381932665948
0.0009505999999,12.0786697376297,2.41303262928319
0.0009515999999,12.0785119445684,2.4114608124612
0.0009525999999,12.0782845437135,2.40989284757839
0.0009535999999,12.0779883706033,2.40833011843522
0.0009545999999,12.0776243154397,2.40677399157479
0.0009548999997,12.0775019792415,2.406308613001
0.0009549999999,12.0774598652821,2.40615365084655
0.0009550999999,12.0774170858151,2.40599877389545
0.0009555999999,12.0771850384474,2.40522692351098
0.0009565999999,12.0766882307314,2.40368819081919
0.0009575999999,12.0761265325801,2.40216004318607
0.0009585999999,12.0755010393136,2.40064376746714
0.0009595999999,12.0748128940619,2.39914062813338
0.0009598999997,12.0745943822495,2.39869240660326
0.0009599999999,12.0745203201871,2.3985432916026
0.0009600999999,12.0744456484223,2.39839432563399
0.0009605999999,12.0740557081252,2.39765376855273
0.0009615999999,12.0732460302174,2.39618075116931
0.0009625999999,12.0723774070472,2.39472451679666
0.0009635999999,12.0714511578419,2.39328623114777
0.0009645999999,12.070468642031,2.39186703314904
0.0009648999997,12.07016309104,2.39144513823109
0.0009649999999,12.0700601485728,2.39130491471103
0.0009650999999,12.0699566632324,2.39116489789923
0.0009655999999,12.0694245211519,2.39047065268771
0.0009665999999,12.0683338856959,2.38909306861923
0.0009675999999,12.067191291379,2.38773781684848
0.0009685999999,12.0659982420987,2.38640592151371
0.0009695999999,12.0647562737961,2.38509837635476
0.0009698999997,12.0643743415829,2.38471098476688
0.0009699999999,12.0642460896505,2.38458236407841
0.0009700999999,12.0641173707246,2.38445400061803
0.0009705999999,12.0634611697015,2.38381938892102
0.0009715999999,12.0621262926729,2.38256351429727
0.0009725999999,12.0607472830749,2.3813347785398
0.0009735999999,12.0593257878971,2.38013404783008
0.0009745999999,12.0578634776673,2.37896215517443
0.0009748999997,12.0574170395485,2.37861631385335
0.0009749999999,12.0572674507151,2.37850162913371
0.0009750999999,12.0571174777324,2.37838724420527
0.0009755999999,12.056357300711,2.37782367119816
0.0009765999999,12.0548186731629,2.37671191145942
0.0009775999999,12.0532443682588,2.3756312810452
0.0009785999999,12.0516361331858,2.37458247603076
0.000979599999899999,12.0499957300219,2.37356615739868
0.0009798999997,12.0494975611055,2.37326767772428
0.0009799999999,12.0493309035764,2.37316884906195
0.0009800999999,12.0491639495597,2.37307035420881
0.0009805999999,12.0483212878271,2.37258714133054
0.0009815999999,12.0466221098532,2.37163770735373
0.0009825999999,12.0448961231662,2.37072252502354
0.0009835999999,12.0431451319497,2.36984211247238
0.0009845999999,12.0413709466868,2.36899695168602
0.0009848999997,12.0408343985339,2.36875033581476
0.0009849999999,12.0406551283494,2.3686688461249
0.0009850999999,12.0404756519981,2.36858771534455
0.0009855999999,12.0395728659412,2.36819198668514
0.0009865999999,12.0377579681731,2.367418678344
0.0009875999999,12.0359253287263,2.36668184537501
0.0009885999999,12.0340767662446,2.3659818244253
0.000989599999899999,12.0322140973242,2.36531891578961
0.0009898999997,12.0316527762645,2.36512731529658
0.0009899999999,12.0314654301421,2.36506419696393
0.0009900999999,12.031277968712,2.36500145356508
0.0009905999999,12.0303377533792,2.36469807603129
0.0009915999999,12.0284525304803,2.36411017319269
0.0009925999999,12.0265586214911,2.36356006167298
0.0009935999999,12.0246578185578,2.36304789727249
0.000994599999899999,12.0227519038496,2.36257380004842
0.0009948999997,12.0221793580087,2.3624390063527
0.0009949999999,12.02198844918,2.36239483845718
0.0009950999999,12.0217975144033,2.3623510524936
0.0009955999999,12.0208423815028,2.36214262867857
0.0009965999999,12.0189317607637,2.3617448872559
0.0009975999999,12.0170212978592,2.36138535666967
0.0009985999999,12.0151127198958,2.36106401649212
0.000999599999899999,12.0132077366483,2.36078081192668
0.0009998999997,12.0126371582349,2.36070327729372
0.001,12.0124470772628,2.36067819298297
