Time [],C1.V [],L1.I []
0,12.00000164,3.6
1.00E-07,12.00545118,3.599989098
6.00E-07,12.03256822,3.599663415
1.60E-06,12.08652995,3.598472434
2.60E-06,12.13992516,3.596207883
3.60E-06,12.19271067,3.592881524
4.60E-06,12.24484422,3.588505976
4.90E-06,12.26035187,3.586990389
5.00E-06,12.26550707,3.586464529
5.10E-06,12.27065516,3.585928367
5.60E-06,12.29619442,3.582966422
6.60E-06,12.34689633,3.576535515
7.60E-06,12.39682563,3.569098295
8.60E-06,12.44594415,3.560670597
9.60E-06,12.49421479,3.551269008
9.90E-06,12.50852601,3.548260788
1.00E-05,12.51327861,3.547238981
1.01E-05,12.51802222,3.54620768
1.06E-05,12.54148802,3.5407928
1.16E-05,12.58795173,3.529498402
1.26E-05,12.63346309,3.517284254
1.36E-05,12.67798953,3.504169728
1.46E-05,12.72149968,3.490174836
1.49E-05,12.73435066,3.485807288
1.50E-05,12.73861328,3.484334321
1.51E-05,12.74286531,3.482852842
1.56E-05,12.76383005,3.475214542
1.66E-05,12.80521481,3.459524093
1.76E-05,12.8454966,3.443016979
1.86E-05,12.88464895,3.425715524
1.96E-05,12.92264666,3.407642568
1.99E-05,12.93381771,3.402073178
2.00E-05,12.93751774,3.400201839
2.01E-05,12.94120588,3.398323115
2.06E-05,12.95931648,3.38872995
2.16E-05,12.99493166,3.369187469
2.26E-05,13.02932441,3.348944908
2.36E-05,13.06247469,3.328026917
2.46E-05,13.09436373,3.306458533
2.49E-05,13.10368222,3.2998644
2.50E-05,13.10676275,3.29765395
2.51E-05,13.10983042,3.295437357
2.56E-05,13.12481284,3.284189229
2.66E-05,13.1541265,3.261399835
2.76E-05,13.18213072,3.238037263
2.86E-05,13.20881201,3.214127836
2.96E-05,13.23415819,3.189698134
2.99E-05,13.24150026,3.182271163
3.00E-05,13.24392066,3.179785738
3.01E-05,13.24632755,3.177295489
3.06E-05,13.25798931,3.164715596
3.16E-05,13.28063296,3.139329373
3.26E-05,13.30191305,3.113503913
3.36E-05,13.32182267,3.087266556
3.46E-05,13.34035621,3.060644767
3.49E-05,13.34564732,3.052586762
3.50E-05,13.34738341,3.049893726
3.51E-05,13.34910566,3.047197237
3.56E-05,13.35733649,3.033623872
3.66E-05,13.37310592,3.006319448
3.76E-05,13.38749032,2.978713485
3.86E-05,13.40048922,2.95083369
3.96E-05,13.41210337,2.922707764
3.99E-05,13.4153178,2.914225506
4.00E-05,13.41636163,2.911393821
4.01E-05,13.41739163,2.908560068
4.06E-05,13.42216222,2.894338445
4.16E-05,13.43101472,2.865806676
4.26E-05,13.43849237,2.837111605
4.36E-05,13.44460087,2.808280673
4.46E-05,13.44934705,2.779341193
4.49E-05,13.45050623,2.770641639
4.50E-05,13.45086556,2.767740262
4.51E-05,13.45121139,2.764838185
4.56E-05,13.45257044,2.75031248
4.66E-05,13.45461852,2.721240591
4.72E-05,13.45519035,2.704528042
4.82E-05,13.45514231,2.675424716
4.92E-05,13.45377813,2.646335511
4.99E-05,13.4519712,2.625250021
5.00E-05,13.45166862,2.622346363
5.01E-05,13.45135313,2.619443341
5.06E-05,13.44942278,2.604949113
5.16E-05,13.44492472,2.576005638
5.26E-05,13.43916003,2.547164791
5.36E-05,13.43214538,2.518451737
5.46E-05,13.42389843,2.489891299
5.49E-05,13.42118637,2.48135605
5.50E-05,13.42025814,2.4785146
5.51E-05,13.41931786,2.475675024
5.56E-05,13.41428773,2.461532146
5.66E-05,13.40363547,2.433352914
5.76E-05,13.39180961,2.405398463
5.86E-05,13.37883148,2.377692052
5.96E-05,13.36472325,2.350256505
5.99E-05,13.36027329,2.342081521
6.00E-05,13.35876791,2.339362474
6.01E-05,13.35725156,2.336646455
6.06E-05,13.34937152,2.32315274
6.16E-05,13.33307588,2.296328266
6.26E-05,13.31572154,2.269840291
6.36E-05,13.29733379,2.243709738
6.46E-05,13.27793861,2.217957014
6.49E-05,13.27192697,2.210307423
6.50E-05,13.26990357,2.207765587
6.51E-05,13.26787047,2.205227813
6.56E-05,13.2574424,2.192653389
6.66E-05,13.23611648,2.1677178
6.76E-05,13.21386511,2.143217984
6.86E-05,13.19071678,2.119172165
6.96E-05,13.16670057,2.095597992
6.99E-05,13.1593302,2.088619904
7.00E-05,13.15685676,2.086303712
7.01E-05,13.15437505,2.083992481
7.06E-05,13.14174383,2.072575042
7.16E-05,13.11608488,2.049996755
7.26E-05,13.08964828,2.027939424
7.36E-05,13.06246498,2.006418291
7.46E-05,13.03456634,1.985447978
7.49E-05,13.02606127,1.979266099
7.50E-05,13.02321269,1.977216821
7.51E-05,13.02035741,1.975173251
7.56E-05,13.00590137,1.965114237
7.66E-05,12.97667155,1.945288508
7.76E-05,12.94682254,1.926053567
7.86E-05,12.91638692,1.907421473
7.96E-05,12.88539757,1.889403628
7.99E-05,12.87599696,1.884119448
8.00E-05,12.87285314,1.882370594
8.01E-05,12.86970425,1.880628037
8.06E-05,12.85382526,1.872089784
8.16E-05,12.82183189,1.855333213
8.26E-05,12.78938441,1.83922105
8.36E-05,12.7565163,1.823762042
8.46E-05,12.72326109,1.808964269
8.49E-05,12.71321331,1.804654848
8.50E-05,12.7098571,1.803231775
8.51E-05,12.7064975,1.80181542
8.56E-05,12.68961107,1.79491931
8.66E-05,12.65568667,1.781466332
8.76E-05,12.62147595,1.768694706
8.86E-05,12.58701247,1.756609822
8.96E-05,12.55232969,1.7452164
8.99E-05,12.54188634,1.741933754
9.00E-05,12.53840162,1.740853464
9.01E-05,12.53491519,1.739780148
9.06E-05,12.51744059,1.734605742
9.16E-05,12.48242332,1.724607102
9.26E-05,12.44728639,1.715310005
9.36E-05,12.41206268,1.706716514
9.46E-05,12.37678484,1.698828039
9.49E-05,12.36619506,1.696599101
9.50E-05,12.36266482,1.69587024
9.51E-05,12.3591345,1.69514844
9.56E-05,12.34148533,1.691733587
9.66E-05,12.30620018,1.685256732
9.76E-05,12.27095723,1.679485158
9.86E-05,12.235788,1.674417705
9.96E-05,12.20072364,1.670052589
9.99E-05,12.1902287,1.668879733
1.00E-04,12.18673322,1.66850277
0.0001001,12.18323922,1.668132798
0.0001006,12.16581449,1.666474653
0.0001016,12.13105555,1.663505953
0.0001026,12.09649252,1.661230472
0.0001036,12.06215491,1.659643998
0.0001046,12.02807173,1.658741731
0.0001049,12.01790004,1.658603816
0.000105,12.01451525,1.658571401
0.0001051,12.0111334,1.658545752
0.0001056,11.99430933,1.658602659
0.0001066,11.96082359,1.65905133
0.0001076,11.92767626,1.660166331
0.0001086,11.89489428,1.661940626
0.0001096,11.862504,1.664366643
0.0001099,11.85286659,1.665220531
0.00011,11.84966257,1.665518002
0.0001101,11.84646283,1.665821877
0.0001106,11.83058553,1.667516021
0.0001116,11.79905842,1.671219582
0.0001126,11.76799835,1.675549014
0.0001136,11.73742922,1.680494738
0.0001146,11.70737424,1.686046704
0.0001149,11.6984609,1.687829197
0.000115,11.6955006,1.688435237
0.0001151,11.69254577,1.689047191
0.0001156,11.67792492,1.692267941
0.0001166,11.64896784,1.698999014
0.0001176,11.62059036,1.706303432
0.0001186,11.59281291,1.714169399
0.0001196,11.56565519,1.722584718
0.0001199,11.55763117,1.725214857
0.00012,11.55496934,1.726102258
0.0001201,11.55231398,1.726994975
0.0001206,11.5392176,1.731602799
0.0001216,11.51335771,1.741077046
0.0001226,11.48817209,1.751061748
0.0001236,11.46367743,1.761543253
0.0001246,11.43988965,1.772507582
0.0001249,11.43289311,1.775889232
0.000125,11.43057542,1.777025765
0.0001251,11.42826502,1.778166925
0.0001256,11.41691536,1.783997771
0.0001266,11.39458763,1.795882741
0.0001276,11.37300968,1.808206768
0.0001286,11.35219424,1.820954729
0.0001296,11.33215325,1.834111254
0.0001299,11.32629342,1.838135912
0.00013,11.3243559,1.839485265
0.0001301,11.32242628,1.840838483
0.0001306,11.31299694,1.847708513
0.0001316,11.29453863,1.861633158
0.0001326,11.27688562,1.875918915
0.0001336,11.26004657,1.890549593
0.0001346,11.24402937,1.905508834
0.0001349,11.23938541,1.910058587
0.000135,11.23785402,1.91158135
0.0001351,11.23633096,1.913107165
0.0001356,11.22894524,1.920817713
0.0001366,11.2145928,1.936382332
0.0001376,11.20108083,1.952225596
0.0001386,11.18841395,1.968330648
0.0001396,11.17659597,1.984680549
0.0001399,11.17321654,1.989631108
0.00014,11.17210711,1.991285788
0.0001401,11.17100621,1.992942675
0.0001406,11.16573662,2.001285308
0.0001416,11.15562491,2.018071693
0.0001426,11.14636866,2.035051757
0.0001436,11.13796849,2.052208386
0.0001446,11.13042427,2.069524458
0.0001449,11.12832783,2.074748199
0.000145,11.12764612,2.076492228
0.0001451,11.12697295,2.078237609
0.0001456,11.12384183,2.086999191
0.0001466,11.1180057,2.104580715
0.0001476,11.11302038,2.122270455
0.0001486,11.10888268,2.140051424
0.0001496,11.10558868,2.15790671
0.0001499,11.10476444,2.163275647
0.00015,11.10450646,2.16506638
0.0001501,11.10425685,2.166857617
0.0001506,11.10323816,2.175825235
0.0001516,11.10161614,2.193776692
0.0001526,11.10082163,2.211752314
0.0001536,11.10084785,2.22973562
0.0001546,11.10168737,2.247710267
0.0001549,11.10209682,2.253098911
0.000155,11.10224938,2.254894568
0.0001551,11.10240995,2.256689909
0.0001556,11.10343198,2.265655589
0.0001566,11.10587192,2.28356255
0.0001576,11.10909876,2.301412844
0.0001586,11.11310248,2.319190831
0.0001596,11.11787241,2.336881082
0.0001599,11.1194514,2.342169107
0.00016,11.11999279,2.343929667
0.0001601,11.12054168,2.345689132
0.0001606,11.12349068,2.354454225
0.0001616,11.12975719,2.371921747
0.0001626,11.13675437,2.389256631
0.0001636,11.14446929,2.406444395
0.0001646,11.15288846,2.423470817
0.0001649,11.15554979,2.428545499
0.000165,11.15645065,2.430233502
0.0001651,11.15735836,2.431919693
0.0001656,11.16208296,2.440298863
0.0001666,11.17186633,2.45695937
0.0001676,11.18231046,2.473417602
0.0001686,11.19339991,2.489660499
0.0001696,11.20511883,2.505675311
0.0001699,11.20875519,2.510433686
0.00017,11.20997952,2.512014954
0.0001701,11.2112099,2.513593765
0.0001706,11.21752612,2.521418504
0.0001716,11.23045251,2.536938718
0.0001726,11.24395822,2.55219461
0.0001736,11.25802578,2.56717477
0.0001746,11.27263738,2.581868139
0.0001749,11.27712466,2.58621885
0.000175,11.27863087,2.587663097
0.0001751,11.28014226,2.589104324
0.0001756,11.28783903,2.596225934
0.0001766,11.30348164,2.610312727
0.0001776,11.3196129,2.624081781
0.0001786,11.33621381,2.637523514
0.0001796,11.35326509,2.650628725
0.0001799,11.35846583,2.65449353
0.00018,11.36020796,2.655774859
0.0001801,11.36195431,2.657052697
0.0001806,11.37079942,2.663344702
0.0001816,11.38869025,2.675749806
0.0001826,11.40697231,2.68779318
0.0001836,11.42562551,2.699467202
0.0001846,11.44462962,2.71076465
0.0001849,11.4503967,2.714079569
0.000185,11.45232559,2.715176849
0.0001851,11.45425771,2.716270266
0.0001856,11.46400383,2.721630228
0.0001866,11.48364597,2.73215373
0.0001876,11.50357757,2.742281494
0.0001886,11.52377799,2.752007939
0.0001896,11.54422651,2.761327894
0.0001899,11.55040681,2.764043992
0.00019,11.55247138,2.764941115
0.0001901,11.55453814,2.765834106
0.0001906,11.56492903,2.770184816
0.0001916,11.58580891,2.778677436
0.0001926,11.60687462,2.786750601
0.0001936,11.62810542,2.794400801
0.0001946,11.64948062,2.80162494
0.0001949,11.65591871,2.803708741
0.000195,11.65806714,2.804394756
0.0001951,11.66021671,2.805076472
0.0001956,11.67099326,2.80836654
0.0001966,11.6925928,2.814730679
0.0001976,11.71427505,2.820662001
0.0001986,11.73601965,2.826159054
0.0001996,11.75780634,2.831220794
0.0001999,11.76434801,2.83265433
0.0002,11.76652892,2.833123454
0.0002001,11.76870998,2.833588215
0.0002006,11.77961609,2.835792054
0.0002016,11.8014244,2.839981649
0.0002026,11.82321506,2.843735255
0.0002036,11.84496851,2.847053419
0.0002046,11.86666541,2.84993708
0.0002049,11.87316102,2.8507176
0.000205,11.87532464,2.850969115
0.0002051,11.87748742,2.851216303
0.0002056,11.88827556,2.852333547
0.0002066,11.90979991,2.854352792
0.0002076,11.93121112,2.855942682
0.0002086,11.95249084,2.857105662
0.0002096,11.97362102,2.857844544
0.0002099,11.97992864,2.857983895
0.00021,11.98202777,2.858021938
0.0002101,11.98412515,2.858055785
0.0002106,11.99456147,2.858110171
0.0002116,12.01533741,2.858011182
0.0002126,12.03591151,2.857498693
0.0002136,12.05626696,2.856576908
0.0002146,12.07638733,2.855250365
0.0002149,12.08237554,2.854774077
0.000215,12.08436653,2.854607334
0.0002151,12.08635494,2.854436613
0.0002156,12.0962238,2.853474375
0.0002166,12.11582422,2.851353895
0.0002176,12.13514251,2.848844228
0.0002186,12.15416374,2.845951165
0.0002196,12.17287339,2.842680794
0.0002199,12.17842372,2.841626903
0.00022,12.18026726,2.841268211
0.0002201,12.18210748,2.840905837
0.0002206,12.19121545,2.838993682
0.0002216,12.20925836,2.834988944
0.0002226,12.22694868,2.830626874
0.0002236,12.24427362,2.825914651
0.0002246,12.26122079,2.820859707
0.0002249,12.26622974,2.819277356
0.000225,12.26789155,2.818743234
0.0002251,12.26954942,2.818205793
0.0002256,12.27772857,2.815428507
0.0002266,12.29388354,2.809712386
0.0002276,12.30962644,2.803677286
0.0002286,12.32494676,2.797331554
0.0002296,12.33983447,2.790683742
0.0002299,12.34421518,2.788631594
0.00023,12.34566654,2.787941711
0.0002301,12.34711344,2.787248931
0.0002306,12.35422394,2.783706692
0.0002316,12.36821714,2.776482281
0.0002326,12.38175058,2.768982604
0.0002336,12.39481617,2.761216936
0.0002346,12.40740634,2.753194711
0.0002349,12.41108975,2.750739225
0.000235,12.41230788,2.749915825
0.0002351,12.41352115,2.749089996
0.0002356,12.41945308,2.744895465
0.0002366,12.43107083,2.736390226
0.0002376,12.44219344,2.727657584
0.0002386,12.45281534,2.718707496
0.0002396,12.46293143,2.709550028
0.0002399,12.46586702,2.706763635
0.00024,12.46683533,2.70583093
0.0002401,12.46779851,2.704896297
0.0002406,12.47247299,2.700171567
0.0002416,12.48156379,2.690631199
0.0002426,12.49013664,2.680914194
0.0002436,12.49818846,2.671030943
0.0002446,12.50571669,2.660991892
0.0002449,12.50787276,2.657951126
0.000245,12.50858094,2.65693467
0.0002451,12.50928384,2.655916805
0.0002456,12.51265338,2.650790271
0.0002466,12.51912852,2.640472452
0.0002476,12.52507539,2.630030413
0.0002486,12.53049337,2.619474726
0.0002496,12.53538236,2.608815968
0.0002499,12.53674593,2.605599585
0.00025,12.53718988,2.604525647
0.0002501,12.53762855,2.603450829
0.0002506,12.5396767,2.598054062
0.0002516,12.54350941,2.587222201
0.0002526,12.54681568,2.57631895
0.0002536,12.5495973,2.56535482
0.0002546,12.55185649,2.554340282
0.0002549,12.55243269,2.551027417
0.000255,12.55261437,2.549922368
0.0002551,12.55279087,2.548816963
0.0002556,12.55353122,2.54328165
0.0002566,12.55475448,2.532198793
0.0002576,12.55546474,2.521096601
0.0002586,12.55566601,2.509985294
0.000259539,12.5553953,2.499547654
0.0002599,12.55517385,2.495543274
0.00026,12.55510094,2.494432997
0.0002601,12.55502306,2.493322873
0.0002606,12.55449757,2.487777897
0.0002616,12.55320073,2.476700914
0.0002626,12.55141511,2.465654756
0.0002636,12.54914673,2.454649137
0.0002646,12.54640203,2.44369365
0.0002649,12.54548658,2.440417986
0.000265,12.54517206,2.439327325
0.0002651,12.54485288,2.4382373
0.0002656,12.5431297,2.432806003
0.0002666,12.539454,2.421980166
0.0002676,12.53532348,2.411232391
0.0002686,12.53074599,2.400571697
0.0002696,12.5257297,2.39000694
0.0002699,12.52414032,2.386857332
0.00027,12.52360195,2.385809587
0.0002701,12.52305932,2.384762926
0.0002706,12.5202301,2.379560625
0.0002716,12.51436321,2.369214692
0.0002726,12.50808401,2.35899022
0.0002736,12.50140193,2.34889536
0.0002746,12.49432665,2.338938075
0.0002749,12.49212865,2.335978711
0.000275,12.49138835,2.334995192
0.0002751,12.49064427,2.334013159
0.0002756,12.4868211,2.329144948
0.0002766,12.47899086,2.319486828
0.0002776,12.47079809,2.309988939
0.0002786,12.46225347,2.300658423
0.0002796,12.45336794,2.291502209
0.0002799,12.4506372,2.288790196
0.00028,12.4497204,2.287889836
0.0002801,12.44880034,2.286991316
0.0002806,12.44411234,2.282550192
0.0002816,12.43457995,2.273763269
0.0002826,12.42474062,2.265170064
0.0002836,12.41460601,2.256776597
0.0002846,12.40418797,2.248588658
0.0002849,12.40100881,2.246173069
0.000285,12.39994371,2.245372115
0.0002851,12.39887594,2.244573295
0.0002856,12.39346561,2.240638639
0.0002866,12.38251835,2.232878799
0.0002876,12.37132405,2.225340376
0.0002886,12.35989506,2.218028184
0.0002896,12.34824386,2.210946795
0.0002899,12.34470676,2.208867945
0.00029,12.34352358,2.208179713
0.0002901,12.34233836,2.207493851
0.0002906,12.33635787,2.204130272
0.0002916,12.32430155,2.197523678
0.0002926,12.3120609,2.191160053
0.0002936,12.29964865,2.185042958
0.0002946,12.28707759,2.179175695
0.0002949,12.28327693,2.177464633
0.000295,12.28200717,2.176899348
0.0002951,12.28073601,2.176336605
0.0002956,12.27434338,2.173593171
0.0002966,12.26149476,2.168234789
0.0002976,12.24852578,2.163134584
0.0002986,12.23544929,2.158294833
0.0002996,12.22227809,2.153717559
0.0002999,12.21830988,2.152395796
0.0003,12.21698555,2.1519605
0.0003001,12.21566046,2.151527854
0.0003006,12.20901579,2.149437696
0.0003016,12.19569502,2.145390588
0.0003026,12.18231771,2.141610461
0.0003036,12.16889648,2.138098319
0.0003046,12.15544387,2.134854915
0.0003049,12.15140356,2.133934373
0.000305,12.15005645,2.133632913
0.0003051,12.14870921,2.133334147
0.0003056,12.14197104,2.131914437
0.0003066,12.12849447,2.129209782
0.0003076,12.11502358,2.126774601
0.0003086,12.1015705,2.124608661
0.0003096,12.08814724,2.122711483
0.0003099,12.08412759,2.122194659
0.00031,12.08278859,2.122027743
0.0003101,12.08145005,2.121863504
0.0003106,12.0747719,2.121115785
0.0003116,12.06144522,2.119753614
0.0003126,12.04818352,2.118657326
0.0003136,12.03499821,2.117825509
0.0003146,12.02190053,2.117256522
0.0003149,12.01798973,2.117136851
0.000315,12.01668815,2.117102173
0.0003151,12.01538759,2.117070097
0.0003156,12.00891482,2.116980949
0.0003166,11.99602673,2.116931534
0.0003176,11.98325885,2.117138678
0.0003186,11.97062163,2.117599873
0.0003196,11.95812533,2.118312403
0.0003199,11.95440521,2.118574812
0.00032,11.95316822,2.118667238
0.0003201,11.95193279,2.118762137
0.0003206,11.9457997,2.11930414
0.0003216,11.93361631,2.12050998
0.0003226,11.92160322,2.121957785
0.0003236,11.90976975,2.123644055
0.0003246,11.89812498,2.125565108
0.0003249,11.89466948,2.126186724
0.000325,11.89352163,2.126398533
0.0003251,11.89237579,2.126612636
0.0003256,11.88670318,2.127745604
0.0003266,11.87546309,2.130123941
0.0003276,11.86443738,2.132724937
0.0003286,11.85363409,2.135544222
0.0003296,11.84306096,2.138577271
0.0003299,11.83993487,2.139528283
0.00033,11.83889762,2.139849451
0.0003301,11.83786278,2.140172691
0.0003306,11.83275582,2.141845133
0.0003316,11.82266609,2.145290914
0.0003326,11.81282809,2.148935972
0.0003336,11.80324845,2.152775206
0.0003346,11.7939335,2.156803387
0.0003349,11.79119141,2.158048011
0.000335,11.79028282,2.158466538
0.0003351,11.78937696,2.158886878
0.0003356,11.78492361,2.161037642
0.0003366,11.77615653,2.165426841
0.0003376,11.7676713,2.169988562
0.0003386,11.75947305,2.174717119
0.0003396,11.75156659,2.179606722
0.0003399,11.74925214,2.181104265
0.00034,11.7484866,2.181606527
0.0003401,11.74772405,2.182110317
0.0003406,11.74399385,2.184670378
0.0003416,11.73668472,2.189863592
0.0003426,11.72967996,2.195199945
0.0003436,11.72298316,2.200673314
0.0003446,11.71659759,2.206277507
0.0003449,11.71474299,2.207983484
0.000345,11.71413109,2.208554611
0.0003451,11.71352234,2.209126957
0.0003456,11.71056571,2.2120213
0.0003466,11.70481147,2.217867529
0.0003476,11.69937637,2.22382565
0.0003486,11.69426244,2.229889262
0.0003496,11.6894714,2.236051924
0.0003499,11.68809725,2.237919217
0.00035,11.68764569,2.238543475
0.0003501,11.68719738,2.239168632
0.0003506,11.68504532,2.242318179
0.0003516,11.68090411,2.248658684
0.0003526,11.67708908,2.255078752
0.0003536,11.67360073,2.261571854
0.0003546,11.67043926,2.268131454
0.0003549,11.66955457,2.270111471
0.000355,11.6692662,2.270772652
0.0003551,11.6689811,2.271434405
0.0003556,11.6676454,2.274757951
0.0003566,11.66513702,2.281430127
0.0003576,11.66295432,2.288149213
0.0003586,11.66109632,2.294908707
0.0003596,11.65956175,2.301702126
0.0003599,11.65916427,2.303745947
0.00036,11.65903821,2.304427745
0.0003601,11.65891536,2.305109792
0.0003606,11.65838918,2.3085259
0.0003616,11.65749636,2.315367045
0.0003626,11.65692151,2.322222866
0.0003636,11.65666226,2.329087028
0.0003646,11.656716,2.335953246
0.0003649,11.6567928,2.338012718
0.000365,11.65682459,2.338699102
0.0003651,11.65685947,2.339385418
0.0003656,11.65711835,2.342814234
0.0003666,11.65778876,2.349665163
0.0003676,11.65876273,2.356499648
0.0003686,11.66003662,2.363311655
0.0003696,11.66160658,2.370095223
0.0003699,11.66213479,2.372123997
0.00037,11.66231669,2.372799547
0.0003701,11.66250148,2.373474729
0.0003706,11.66350464,2.376839683
0.0003716,11.66565364,2.3835481
0.0003726,11.66808571,2.390210706
0.0003736,11.67079608,2.396821889
0.0003746,11.67377978,2.40337613
0.0003749,11.67472754,2.405330607
0.000375,11.6750488,2.405980832
0.0003751,11.67537273,2.40663041
0.0003756,11.6770647,2.409859763
0.0003766,11.68057867,2.41628333
0.0003776,11.68434984,2.422634044
0.0003786,11.68837249,2.428906821
0.0003796,11.69264069,2.435096689
0.0003799,11.69396827,2.436936861
0.00038,11.69441556,2.437548479
0.0003801,11.69486522,2.438159198
0.0003806,11.69717777,2.44118742
0.0003816,11.70191787,2.447196464
0.0003826,11.70688479,2.453108437
0.0003836,11.71207197,2.45891887
0.0003846,11.71747273,2.464623423
0.0003849,11.71913374,2.466313602
0.000385,11.71969153,2.466874778
0.0003851,11.72025135,2.467434835
0.0003856,11.7231055,2.47020378
0.0003866,11.72891195,2.475683606
0.0003876,11.73491114,2.481045375
0.0003886,11.7410959,2.486285304
0.0003896,11.74745894,2.491399756
0.0003899,11.74940169,2.492909173
0.00039,11.75005267,2.49340972
0.0003901,11.75070532,2.493908962
0.0003906,11.75401364,2.496368825
0.0003916,11.76071013,2.501221587
0.0003926,11.76756254,2.505938861
0.0003936,11.77456325,2.510517603
0.0003946,11.78170459,2.514954924
0.0003949,11.78387344,2.516258189
0.000395,11.78459901,2.516689718
0.0003951,11.78532589,2.517119793
0.0003956,11.78899477,2.519229845
0.0003966,11.79639314,2.523375966
0.0003976,11.80390879,2.527372947
0.0003986,11.81153386,2.53121852
0.0003996,11.81926045,2.534910577
0.0003999,11.82159723,2.535988003
0.0004,11.82237799,2.536344029
0.0004001,11.82315966,2.536698491
0.0004006,11.82709169,2.538427574
0.0004016,11.83499662,2.541806691
0.0004026,11.84297931,2.545026932
0.0004036,11.85103184,2.548086821
0.0004046,11.8591463,2.550985039
0.0004049,11.86159171,2.551822825
0.000405,11.8624079,2.552098826
0.0004051,11.86322459,2.552373193
0.0004056,11.86732086,2.553699984
0.0004066,11.8755345,2.556271431
0.0004076,11.88378645,2.558678221
0.0004086,11.89206887,2.560919668
0.0004096,11.90037402,2.562995239
0.0004099,11.90286901,2.56358551
0.00041,11.90370094,2.56377894
0.0004101,11.904533,2.563970706
0.0004106,11.90869537,2.564883752
0.0004116,11.91702189,2.56662658
0.0004126,11.92534815,2.568202879
0.0004136,11.93366662,2.569612731
0.0004146,11.94196985,2.570856367
0.0004149,11.9444569,2.571197086
0.000415,11.94528544,2.571307344
0.0004151,11.94611372,2.571415945
0.0004156,11.95024699,2.571913475
0.0004166,11.95849678,2.572826037
0.0004176,11.96670948,2.573573975
0.0004186,11.974878,2.5741581
0.0004196,11.98299533,2.574579367
0.0004199,11.98541967,2.574674121
0.00042,11.9862266,2.574702475
0.0004201,11.98703292,2.574729216
0.0004206,11.99104677,2.574818748
0.0004216,11.99904039,2.574917876
0.0004226,12.00696255,2.574857847
0.0004236,12.01480673,2.574640154
0.0004246,12.02256655,2.574266421
0.0004249,12.02487724,2.57412409
0.000425,12.02564564,2.574073567
0.0004251,12.0264131,2.574021508
0.0004256,12.03022388,2.573719269
0.0004266,12.03779558,2.573039075
0.0004276,12.04526457,2.572208473
0.0004286,12.05262502,2.571229578
0.0004296,12.05987127,2.570104615
0.0004299,12.06202217,2.569738935
0.00043,12.06273672,2.569614175
0.0004301,12.06345005,2.569487989
0.0004306,12.06698236,2.568818165
0.0004316,12.07398312,2.56740851
0.0004326,12.0808536,2.565860143
0.0004336,12.08758877,2.564175719
0.0004346,12.09418375,2.562357994
0.0004349,12.09613431,2.56178704
0.000435,12.09678158,2.561594124
0.0004351,12.09742738,2.561399915
0.0004356,12.10061535,2.560393761
0.0004366,12.10691549,2.558318453
0.0004376,12.11306189,2.556118679
0.0004386,12.11905038,2.553797557
0.0004396,12.12487698,2.551358283
0.0004399,12.1265929,2.550603874
0.00044,12.12716154,2.550350119
0.0004401,12.12772852,2.550095229
0.0004406,12.13051685,2.54879006
0.0004416,12.13600798,2.546124812
0.0004426,12.14132638,2.543351468
0.0004436,12.14646879,2.540473517
0.0004446,12.15143215,2.537494507
0.0004449,12.15288587,2.536581554
0.000445,12.15336679,2.536275301
0.0004451,12.15384589,2.535968088
0.0004456,12.15619061,2.534406182
0.0004466,12.16078714,2.531236404
0.0004476,12.1651966,2.527976567
0.0004486,12.1694167,2.524630434
0.0004496,12.17344533,2.521201814
0.0004499,12.17461633,2.52015763
0.00045,12.17500279,2.51980801
0.0004501,12.17538731,2.51945762
0.0004506,12.17725626,2.517685057
0.0004516,12.18089621,2.514103532
0.0004526,12.18433957,2.510451175
0.0004536,12.18758498,2.506731929
0.0004546,12.19063131,2.502949766
0.0004549,12.19150626,2.501803354
0.000455,12.1917939,2.501420053
0.0004551,12.19207954,2.50103618
0.0004556,12.19345252,2.499101655
0.0004566,12.19609792,2.49520615
0.0004576,12.19854197,2.491259751
0.0004586,12.20078426,2.487266489
0.0004596,12.20282461,2.4832304
0.0004599,12.20339732,2.482011735
0.00046,12.20358418,2.481604753
0.0004601,12.20376903,2.4811974
0.0004606,12.20463774,2.479151022
0.0004616,12.20627434,2.475041902
0.0004626,12.20770951,2.470902063
0.0004636,12.20894376,2.46673553
0.0004646,12.20997779,2.462546315
0.0004649,12.21024906,2.461285635
0.000465,12.2103355,2.46086505
0.0004651,12.21041995,2.460444294
0.0004656,12.21078766,2.458336418
0.0004666,12.21142421,2.454114299
0.0004676,12.21186371,2.44988142
0.0004686,12.21210755,2.445641707
0.0004696,12.21215727,2.441399059
0.0004699,12.21213455,2.440126184
0.00047,12.21212313,2.439701926
0.0004701,12.2121098,2.439277693
0.0004706,12.2119907,2.437157786
0.0004716,12.21165773,2.432921302
0.0004726,12.21113627,2.428693362
0.0004736,12.2104285,2.424477714
0.0004746,12.20953675,2.420278061
0.0004749,12.20923365,2.419021751
0.000475,12.209129,2.418603388
0.0004751,12.20902254,2.418185236
0.0004756,12.20844101,2.416100826
0.0004766,12.20718917,2.411944524
0.0004776,12.20576121,2.40781502
0.0004786,12.20415999,2.403715808
0.0004796,12.20238855,2.399650323
0.0004799,12.20182431,2.398437685
0.00048,12.2016329,2.398034227
0.0004801,12.20143984,2.397631155
0.0004806,12.2004294,2.39562686
0.0004816,12.19832747,2.391639292
0.0004826,12.19606511,2.387695366
0.0004836,12.19364582,2.383798257
0.0004846,12.19107322,2.379951066
0.0004849,12.19027201,2.378807031
0.000485,12.19000196,2.378426757
0.0004851,12.18973043,2.378047024
0.0004856,12.18833264,2.376163698
0.0004866,12.18546514,2.37242572
0.0004876,12.18245577,2.368746511
0.0004886,12.17930856,2.365128868
0.0004896,12.17602759,2.361575506
0.0004899,12.17501774,2.360522371
0.00049,12.17467854,2.360172674
0.0004901,12.17433807,2.359823657
0.0004906,12.1726012,2.358097645
0.0004916,12.16906586,2.354680975
0.0004926,12.16540955,2.351336221
0.0004936,12.16163665,2.348065759
0.0004946,12.15775165,2.344871876
0.0004949,12.15656486,2.343928927
0.000495,12.15616713,2.343616194
0.0004951,12.15576834,2.343304259
0.0004956,12.15374602,2.341766798
0.0004966,12.14965102,2.338732828
0.0004976,12.14545768,2.335781741
0.0004986,12.14117067,2.332915458
0.0004996,12.13679472,2.330135804
0.0004999,12.13546519,2.329319025
0.0005,12.13502035,2.329048538
0.0005001,12.13457469,2.328778943
0.0005006,12.13232448,2.327455699
0.0005016,12.12778558,2.324854598
0.0005026,12.12317212,2.322345021
0.0005036,12.11848897,2.31992841
0.0005046,12.11374098,2.317606111
0.0005049,12.11230456,2.316927974
0.000505,12.11182457,2.316703845
0.0005051,12.11134401,2.316480676
0.0005056,12.10892597,2.315391417
0.0005066,12.10406358,2.313261521
0.0005076,12.09915104,2.311229375
0.0005086,12.09419323,2.309295932
0.0005096,12.08919505,2.307462049
0.0005099,12.08768835,2.3069314
0.00051,12.08718543,2.306756526
0.0005101,12.08668217,2.306582658
0.0005106,12.08415738,2.305741084
0.0005116,12.07909373,2.304108573
0.0005126,12.07400434,2.302577592
0.0005136,12.06889403,2.301148608
0.0005146,12.06376763,2.299821992
0.0005149,12.06222718,2.299444008
0.000515,12.06171349,2.299320067
0.0005151,12.0611997,2.299197154
0.0005156,12.05862891,2.298610865
0.0005166,12.05348522,2.297489723
0.0005176,12.04833968,2.296471474
0.0005186,12.04319696,2.295556108
0.0005196,12.03806168,2.294743521
0.0005199,12.03652314,2.294519767
0.00052,12.03601054,2.294447233
0.0005201,12.03549809,2.294375725
0.0005206,12.03294033,2.294046321
0.0005216,12.02783419,2.293438576
0.0005226,12.02274907,2.292932744
0.0005236,12.01768937,2.292528359
0.0005246,12.01265945,2.292224871
0.0005249,12.01115683,2.292153422
0.000525,12.01065665,2.292131609
0.0005251,12.01015683,2.292110795
0.0005256,12.00766821,2.292034113
0.0005266,12.00271113,2.29193032
0.0005276,11.99779645,2.291925244
0.0005286,11.99292823,2.292017997
0.0005296,11.98811045,2.292207611
0.0005299,11.98667546,2.292283253
0.00053,11.98619822,2.292310379
0.0005301,11.98572155,2.292338459
0.0005306,11.98335415,2.292504918
0.0005316,11.97864935,2.292884883
0.0005326,11.97400645,2.293358325
0.0005336,11.96942906,2.29392397
0.0005346,11.96492076,2.294580472
0.0005349,11.96358218,2.294794963
0.000535,11.96313745,2.294868243
0.0005351,11.96269346,2.294942412
0.0005356,11.96049433,2.295337469
0.0005366,11.95613485,2.296171177
0.0005376,11.9518545,2.297091284
0.0005386,11.94765644,2.298096174
0.0005396,11.94354372,2.299184173
0.0005399,11.94232692,2.29952656
0.00054,11.9419231,2.299642311
0.0005401,11.94152018,2.299758867
0.0005406,11.93953057,2.300363562
0.0005416,11.93559762,2.30161228
0.0005426,11.93175853,2.302938718
0.0005436,11.92801591,2.304340974
0.0005446,11.92437228,2.305817092
0.0005449,11.92329881,2.306274078
0.000545,11.92294302,2.306427837
0.0005451,11.92258826,2.306582305
0.0005456,11.92084292,2.307373876
0.0005466,11.91740464,2.308991401
0.0005476,11.9140722,2.310676632
0.0005486,11.91084766,2.312427433
0.0005496,11.90773296,2.314241627
0.0005499,11.9068202,2.314797967
0.00055,11.90651819,2.314984629
0.0005501,11.9062173,2.315171894
0.0005506,11.90474402,2.316124454
0.0005516,11.90185455,2.318058468
0.0005526,11.89908002,2.320049122
0.0005536,11.8964219,2.322094103
0.0005546,11.89388155,2.324191069
0.0005549,11.89314257,2.324829996
0.000555,11.89289862,2.325043955
0.0005551,11.89265588,2.325258401
0.0005556,11.89147516,2.326343649
0.0005566,11.88917405,2.328537157
0.0005576,11.88699403,2.330775476
0.0005586,11.88493597,2.333056176
0.0005596,11.88300065,2.33537681
0.0005599,11.88244407,2.336080475
0.00056,11.88226101,2.336315771
0.0005601,11.88207919,2.336551431
0.0005606,11.88120416,2.337739389
0.0005616,11.87951615,2.340132186
0.0005626,11.87795242,2.3425575
0.0005636,11.87651327,2.345012843
0.0005646,11.87519886,2.347495722
0.0005649,11.87482888,2.348245638
0.000565,11.87470805,2.348496102
0.0005651,11.87458846,2.348746806
0.0005656,11.87402486,2.350006557
0.0005666,11.87296001,2.352536708
0.0005676,11.87201973,2.355086911
0.0005686,11.87120375,2.357654676
0.0005696,11.87051168,2.360237522
0.0005699,11.87032817,2.361015002
0.00057,11.87026946,2.361274405
0.0005701,11.87021199,2.361533923
0.0005706,11.86995841,2.362834339
0.0005716,11.8695125,2.36543963
0.0005726,11.86918868,2.368052618
0.0005736,11.86898615,2.37067087
0.0005746,11.86890398,2.373291969
0.0005749,11.86890268,2.374078548
0.000575,11.86890463,2.374340741
0.0005751,11.86890777,2.374602929
0.0005756,11.868956,2.375913369
0.0005766,11.86911129,2.378532696
0.0005776,11.8693836,2.381147747
0.0005786,11.86977162,2.383756195
0.0005796,11.87027395,2.386355739
0.0005799,11.87044676,2.387133577
0.00058,11.87050661,2.387392624
0.0005801,11.87056759,2.38765155
0.0005806,11.87090309,2.388942519
0.0005816,11.8716293,2.391517195
0.0005826,11.87246508,2.394076251
0.0005836,11.8734087,2.396617513
0.0005846,11.87445831,2.399138843
0.0005849,11.87479362,2.399891087
0.000585,11.87490747,2.400141386
0.0005851,11.87502235,2.400391457
0.0005856,11.87562486,2.401635208
0.0005866,11.87688041,2.404110155
0.0005876,11.878236,2.406558991
0.0005886,11.87968949,2.408979736
0.0005896,11.88123868,2.411370455
0.0005899,11.88172182,2.412081573
0.00059,11.88188472,2.412317967
0.0005901,11.88204855,2.412554033
0.0005906,11.88289279,2.413725106
0.0005916,11.88462623,2.416049915
0.0005926,11.88644837,2.418339169
0.0005936,11.88835676,2.420591118
0.0005946,11.8903489,2.422804061
0.0005949,11.89096255,2.423460127
0.000595,11.89116871,2.423677996
0.0005951,11.89137568,2.423895451
0.0005956,11.89243215,2.42497113
0.0005966,11.89458371,2.427100971
0.0005976,11.89681119,2.429187022
0.0005986,11.89911188,2.431227792
0.0005996,11.90148303,2.433221843
0.0005999,11.90220776,2.43381077
0.0006,11.90245068,2.434006112
0.0006001,11.90269427,2.434200967
0.0006006,11.90393008,2.435161666
0.0006016,11.90643342,2.437058031
0.0006026,11.90899877,2.438903709
0.0006036,11.91162324,2.440697489
0.0006046,11.91430393,2.442438217
0.0006049,11.91511873,2.442949949
0.000605,11.91539138,2.443119439
0.0006051,11.91566456,2.443288383
0.0006056,11.91704431,2.44411794
0.0006066,11.91982823,2.445749215
0.0006076,11.9226595,2.447324337
0.0006086,11.92553514,2.448842391
0.0006096,11.92845212,2.450302518
0.0006099,11.9293349,2.450729157
0.00061,11.92962992,2.450870192
0.0006101,11.9299253,2.451010637
0.0006106,11.93141199,2.451696517
0.0006116,11.93440226,2.453038375
0.0006126,11.93742483,2.454320104
0.0006136,11.94047667,2.455541089
0.0006146,11.94355475,2.456700775
0.0006149,11.94448291,2.457036661
0.000615,11.94479275,2.457147386
0.0006151,11.94510281,2.45725749
0.0006156,11.9466587,2.457790904
0.0006166,11.94977983,2.458826518
0.0006176,11.95291815,2.459799538
0.0006186,11.95607069,2.46070965
0.0006196,11.95923444,2.461556599
0.0006199,11.96018538,2.461798339
0.00062,11.96050251,2.461877651
0.0006201,11.96081972,2.461956329
0.0006206,11.96240724,2.462332257
0.0006216,11.9655842,2.463052343
0.0006226,11.96876355,2.463708865
0.0006236,11.9719424,2.464301805
0.0006246,11.97511788,2.464831203
0.0006249,11.9760695,2.46497764
0.000625,11.97638658,2.465025184
0.0006251,11.97670357,2.465072094
0.0006256,11.97828612,2.465289233
0.0006266,11.981446,2.465691912
0.0006276,11.98459408,2.466031511
0.0006286,11.98772761,2.466308294
0.0006296,11.9908439,2.466522579
0.0006299,11.99177508,2.466574722
0.00063,11.99208506,2.466590862
0.0006301,11.99239484,2.466606382
0.0006306,11.99393756,2.466667007
0.0006316,11.99701107,2.46675752
0.0006326,12.00005949,2.466786815
0.0006336,12.00308027,2.466755417
0.0006346,12.00607093,2.466663905
0.0006349,12.00696194,2.466624807
0.000635,12.00725829,2.466610586
0.0006351,12.0075543,2.466595774
0.0006356,12.00902476,2.466505526
0.0006366,12.01194765,2.466295802
0.0006376,12.01483327,2.466027993
0.0006386,12.01767937,2.465702866
0.0006396,12.02048372,2.465321235
0.0006399,12.02131661,2.465195835
0.00064,12.02159336,2.465152924
0.0006401,12.02186965,2.465109461
0.0006406,12.0232385,2.464877076
0.0006416,12.02595268,2.464385165
0.0006426,12.02861882,2.46383945
0.0006436,12.03123495,2.463240912
0.0006446,12.03379915,2.462590571
0.0006449,12.03455804,2.462385499
0.000645,12.03480993,2.462316131
0.0006451,12.03506126,2.46224626
0.0006456,12.03630269,2.461883233
0.0006466,12.03875732,2.461132633
0.0006476,12.04115468,2.460333513
0.0006486,12.04349311,2.459487035
0.0006496,12.04577103,2.458594394
0.0006499,12.04644242,2.458317754
0.00065,12.04666496,2.458224646
0.0006501,12.04688688,2.458131094
0.0006506,12.04797906,2.457651304
0.0006516,12.05013131,2.4566702
0.0006526,12.05221874,2.455646699
0.0006536,12.05424004,2.454582111
0.0006546,12.05619397,2.453477771
0.0006549,12.05676687,2.453138889
0.000655,12.05695646,2.453025165
0.0006551,12.05714536,2.452911064
0.0006556,12.05807073,2.452330356
0.0006566,12.0598864,2.451150785
0.0006576,12.06163147,2.449935606
0.0006586,12.06330498,2.448686242
0.0006596,12.06490607,2.447404131
0.0006599,12.06537218,2.447013297
0.00066,12.06552608,2.446882398
0.0006601,12.06567924,2.446751193
0.0006606,12.06642474,2.446086946
0.0006616,12.06787861,2.444743912
0.0006626,12.06925791,2.443372547
0.0006636,12.07056206,2.441974347
0.0006646,12.07179058,2.440550821
0.0006649,12.07214433,2.440119016
0.000665,12.07226072,2.439974611
0.0006651,12.07237635,2.439829974
0.0006656,12.07293348,2.439100639
0.0006666,12.07400947,2.43763121
0.0006676,12.07500875,2.436141028
0.0006686,12.07593113,2.434631629
0.0006696,12.07677647,2.433104553
0.0006699,12.07701503,2.432643179
0.00067,12.07709301,2.43248907
0.0006701,12.07717022,2.432334807
0.0006706,12.07753504,2.431559457
0.0006716,12.07822616,2.430001845
0.0006726,12.07884024,2.428431181
0.0006736,12.07937744,2.426849004
0.0006746,12.07983796,2.42525685
0.0006749,12.07996119,2.424777453
0.000675,12.08000074,2.42461749
0.0006751,12.08003953,2.42445745
0.0006756,12.08021255,2.423655325
0.0006766,12.08052066,2.422047992
0.0006776,12.08075312,2.420435255
0.0006786,12.08091042,2.418818619
0.0006796,12.08099309,2.417199584
0.0006799,12.08100341,2.416713595
0.00068,12.08100538,2.416551586
0.0006801,12.0810066,2.416389574
0.0006806,12.08099254,2.415579648
0.0006816,12.0809279,2.413960444
0.0006826,12.08079063,2.412343259
0.0006836,12.0805815,2.410729537
0.0006846,12.08030136,2.409120709
0.0006849,12.08020358,2.408639194
0.000685,12.08016958,2.408478821
0.0006851,12.08013489,2.408318516
0.0006856,12.07994241,2.407519092
0.0006866,12.0795231,2.405924437
0.0006876,12.07903563,2.40433885
0.0006886,12.07848107,2.402763683
0.0006896,12.07786052,2.401200267
0.0006899,12.07766163,2.400733701
0.00069,12.07759404,2.400578445
0.0006901,12.07752581,2.400423325
0.0006906,12.07716713,2.399651654
0.0006916,12.07641827,2.3981158
0.0006926,12.07560705,2.396595547
0.0006936,12.07473476,2.395092128
0.0006946,12.07380275,2.393606753
0.0006949,12.07351167,2.39316481
0.000695,12.07341349,2.393017885
0.0006951,12.07331472,2.392871157
0.0006956,12.07280522,2.392143104
0.0006966,12.07175813,2.390697471
0.0006976,12.07065559,2.389273334
0.0006986,12.06949909,2.387871787
0.0006996,12.06829018,2.386493894
0.0006999,12.06791748,2.386085272
0.0007,12.06779224,2.385949562
0.0007001,12.06766649,2.385814103
0.0007006,12.06702419,2.385143861
0.0007016,12.06571539,2.383816465
0.0007026,12.06435896,2.382515722
0.0007036,12.06295658,2.381242566
0.0007046,12.06150992,2.379997901
0.0007049,12.06106751,2.379630169
0.000705,12.06091919,2.379508182
0.0007051,12.06077046,2.379386493
0.0007056,12.06001553,2.378786337
0.0007066,12.0584857,2.377601325
0.0007076,12.05691679,2.3764473
0.0007086,12.05531059,2.375325026
0.0007096,12.05366887,2.374235232
0.0007099,12.05316966,2.373914716
0.00071,12.05300259,2.373808544
0.0007101,12.05283518,2.373702706
0.0007106,12.05198939,2.373182812
0.0007116,12.05028231,2.372160095
0.0007126,12.04854518,2.37117182
0.0007136,12.04677985,2.37021857
0.0007146,12.04498817,2.36930089
0.0007149,12.04444576,2.369032588
0.000715,12.04426447,2.368943878
0.0007151,12.04408295,2.36885553
0.0007156,12.04316908,2.368423839
0.0007166,12.04133051,2.367578843
0.0007176,12.03947118,2.366770827
0.0007186,12.03759295,2.366000185
0.0007196,12.03569771,2.365267279
0.0007199,12.03512606,2.365054807
0.00072,12.03493521,2.364984746
0.0007201,12.03474422,2.364915067
0.0007206,12.03378559,2.364577211
0.0007216,12.03186214,2.363920733
0.0007226,12.02992727,2.363302839
0.0007236,12.02798283,2.362723738
0.0007246,12.02603066,2.362183604
0.0007249,12.02544374,2.36202918
0.000725,12.02524799,2.361978489
0.0007251,12.02505218,2.361928188
0.0007256,12.02407202,2.361687468
0.0007266,12.02211013,2.361225647
0.0007276,12.02014598,2.360803086
0.0007286,12.01818138,2.360419812
0.0007296,12.0162181,2.360075817
0.0007299,12.0156296,2.359980274
0.00073,12.0154335,2.359949211
0.0007301,12.01523744,2.35991854
0.0007306,12.01425845,2.359775955
0.0007316,12.01230331,2.359510338
0.0007326,12.01035473,2.359283757
0.0007336,12.00841441,2.359096066
0.0007346,12.00648404,2.358947082
0.0007349,12.00590707,2.358909908
0.000735,12.00571499,2.358898286
0.0007351,12.00552303,2.358887048
0.0007356,12.00456685,2.35884138
0.0007366,12.0026615,2.358769096
0.0007376,12.00077099,2.358734771
0.0007386,11.99889688,2.358738092
0.0007396,11.99704073,2.358778716
0.0007399,11.99648758,2.358798131
0.00074,11.99630359,2.35880534
0.0007401,11.9961198,2.358812917
0.0007406,11.99520661,2.358860851
0.0007416,11.99339107,2.358974874
0.0007426,11.99159794,2.359124984
0.0007436,11.98982863,2.359310718
0.0007446,11.98808453,2.359531587
0.0007449,11.98756639,2.359604634
0.000745,11.98739421,2.359629673
0.0007451,11.9872223,2.359655057
0.0007456,11.98637042,2.359791353
0.0007466,11.98468092,2.360080839
0.0007476,11.98302057,2.360403824
0.0007486,11.9813906,2.360759713
0.0007496,11.97979221,2.361147885
0.0007499,11.979319,2.361270551
0.00075,11.97916193,2.36131207
0.0007501,11.97900518,2.361353903
0.0007506,11.97823076,2.361571595
0.0007516,11.97669912,2.362022296
0.0007526,11.97520242,2.362503281
0.0007536,11.9737417,2.36301384
0.0007546,11.97231796,2.363553243
0.0007549,11.97189817,2.363720595
0.000755,11.971759,2.363776938
0.0007551,11.97162021,2.363833558
0.0007556,11.97093696,2.364124189
0.0007566,11.96959009,2.364718918
0.0007576,11.96828292,2.365340188
0.0007586,11.96701627,2.365987196
0.0007596,11.96579093,2.366659124
0.0007599,11.96543147,2.366865457
0.00076,11.9653125,2.366934713
0.0007601,11.96519395,2.367004207
0.0007606,11.96461294,2.367358077
0.0007616,11.96347244,2.368077224
0.0007626,11.96237531,2.368818746
0.0007636,11.96132216,2.369581771
0.0007646,11.96031352,2.370365415
0.0007649,11.96001968,2.370604415
0.000765,11.95992263,2.370684473
0.0007651,11.95982604,2.370764724
0.0007656,11.95935559,2.371171168
0.0007666,11.95843754,2.371993237
0.0007676,11.9575654,2.372833207
0.0007686,11.95673954,2.373690158
0.0007696,11.9559603,2.37456316
0.0007699,11.95573566,2.374828071
0.00077,11.95566171,2.374916674
0.0007701,11.95558824,2.375005424
0.0007706,11.95523384,2.375453086
0.0007716,11.95454865,2.376355261
0.0007726,11.95391079,2.377270667
0.0007736,11.9533204,2.378198355
0.0007746,11.95277759,2.379137375
0.0007749,11.95262403,2.37942117
0.000775,11.95257379,2.379515972
0.0007751,11.95252404,2.379610874
0.0007756,11.95228836,2.380087991
0.0007766,11.95184084,2.381046699
0.0007776,11.95144093,2.382013881
0.0007786,11.95108858,2.382988586
0.0007796,11.95078367,2.383969863
0.0007799,11.95070143,2.384265408
0.00078,11.95067497,2.384364031
0.0007801,11.95064897,2.384462707
0.0007806,11.95053195,2.384957388
0.0007816,11.95032139,2.385948855
0.0007826,11.95015769,2.386944064
0.0007836,11.95004057,2.387942081
0.0007846,11.9499697,2.388941978
0.0007849,11.94995742,2.389242197
0.000785,11.94995424,2.389342285
0.0007851,11.94995153,2.38944238
0.0007856,11.94995045,2.389942875
0.0007866,11.94997096,2.390943661
0.0007876,11.95003654,2.391943586
0.0007886,11.95014674,2.392941753
0.0007896,11.95030105,2.393937275
0.0007899,11.95035587,2.394235304
0.00079,11.95037502,2.394334574
0.0007901,11.9503946,2.394433804
0.0007906,11.95050432,2.394928761
0.0007916,11.95074512,2.395916266
0.0007926,11.9510283,2.396898532
0.0007936,11.95135323,2.397874717
0.0007946,11.95171924,2.398843992
0.0007949,11.95183696,2.399133323
0.000795,11.95187701,2.399229609
0.0007951,11.95191745,2.399325815
0.0007956,11.9521306,2.399804509
0.0007966,11.95257652,2.400757438
0.0007976,11.95306131,2.401701059
0.0007986,11.95358419,2.402634604
0.0007996,11.95414433,2.403557319
0.0007999,11.95431954,2.403831927
0.0008,11.95437866,2.403923229
0.0008001,11.95443815,2.404014413
0.0008006,11.95474537,2.404466959
0.0008016,11.95537738,2.405365731
0.0008026,11.95604404,2.406251517
0.0008036,11.95674443,2.407123632
0.0008046,11.95747763,2.407981412
0.0008049,11.95770386,2.408235867
0.000805,11.95777991,2.408320384
0.0008051,11.95785627,2.408404747
0.0008056,11.95824656,2.408822282
0.0008066,11.95904233,2.409649393
0.0008076,11.95986796,2.41046029
0.0008086,11.96072243,2.411254386
0.0008096,11.9616047,2.412031115
0.0008099,11.96187467,2.412260677
0.00081,11.96196519,2.412336837
0.0008101,11.96205598,2.412412816
0.0008106,11.96251699,2.412787646
0.0008116,11.96345157,2.41352796
0.0008126,11.96441077,2.414249337
0.0008136,11.9653935,2.414951294
0.0008146,11.96639864,2.415633373
0.0008149,11.96670441,2.415834063
0.000815,11.96680676,2.415900552
0.0008151,11.96690931,2.415966836
0.0008156,11.96742766,2.41629256
0.0008166,11.96847415,2.416933542
0.0008176,11.9695397,2.417553403
0.0008186,11.97062317,2.418151775
0.0008196,11.97172341,2.418728309
0.0008199,11.97205661,2.418896969
0.00082,11.97216799,2.418952744
0.0008201,11.97227951,2.419008297
0.0008206,11.97284114,2.419279885
0.0008216,11.97397135,2.41981176
0.0008226,11.97511488,2.420320898
0.0008236,11.97627058,2.420807043
0.0008246,11.9774373,2.421269965
0.0008249,11.97778931,2.421404285
0.000825,11.97790684,2.421448589
0.0008251,11.97802447,2.421492657
0.0008256,11.978615,2.421706507
0.0008266,11.97980013,2.422122356
0.0008276,11.98099282,2.422514426
0.0008286,11.98219191,2.422882579
0.0008296,11.98339627,2.423226697
0.0008299,11.98375846,2.423325233
0.00083,11.98387926,2.423357595
0.0008301,11.98400011,2.423389716
0.0008306,11.98460517,2.423543664
0.0008316,11.9858165,2.423839448
0.0008326,11.98702971,2.424110985
0.0008336,11.98824368,2.424358252
0.0008346,11.9894573,2.424581242
0.0008349,11.98982118,2.424643406
0.000835,11.98994244,2.424663643
0.0008351,11.99006368,2.424683637
0.0008356,11.99066921,2.424776944
0.0008366,11.99187872,2.424951465
0.0008376,11.99308465,2.425101831
0.0008386,11.99428592,2.425228126
0.0008396,11.99548149,2.425330452
0.0008399,11.99583892,2.425356491
0.00084,11.99595792,2.425364694
0.0008401,11.99607685,2.425372659
0.0008406,11.9966694,2.425405965
0.0008416,11.99785037,2.425460767
0.0008426,11.9990226,2.425492037
0.0008436,12.00018511,2.42549996
0.0008446,12.00133694,2.42548474
0.0008449,12.00168028,2.425475688
0.000845,12.00179449,2.425472213
0.0008451,12.00190858,2.42546851
0.0008456,12.0024756,2.425443754
0.0008466,12.00360312,2.425382967
0.0008476,12.00471718,2.425299764
0.0008486,12.0058169,2.425194423
0.0008496,12.0069014,2.42506724
0.0008499,12.00722367,2.425024865
0.00085,12.00733077,2.425010311
0.0008501,12.00743771,2.424995542
0.0008506,12.00796776,2.424915865
0.0008516,12.00901923,2.424745995
0.0008526,12.01005302,2.424555272
0.0008536,12.01106836,2.424344058
0.0008546,12.0120645,2.42411273
0.0008549,12.01235951,2.424039458
0.000855,12.01245744,2.424014641
0.0008551,12.01255517,2.423989628
0.0008556,12.01303816,2.423859247
0.0008566,12.01399366,2.423588928
0.0008576,12.01492785,2.423299713
0.0008586,12.01584008,2.422992034
0.0008596,12.01672972,2.422666336
0.0008599,12.01699214,2.422565171
0.00086,12.01707914,2.422531099
0.0008601,12.01716591,2.422496854
0.0008606,12.01759324,2.422320922
0.0008616,12.01843587,2.421960631
0.0008626,12.01925419,2.42158373
0.0008636,12.02004769,2.421190712
0.0008646,12.02081588,2.420782076
0.0008649,12.02104133,2.420656504
0.000865,12.02111597,2.420614347
0.0008651,12.02119034,2.420572041
0.0008656,12.02155501,2.42035649
0.0008666,12.02227114,2.419918229
0.0008676,12.02296063,2.419465911
0.0008686,12.02362312,2.419000074
0.0008696,12.02425823,2.41852126
0.0008699,12.02444339,2.418375155
0.00087,12.02450455,2.418326207
0.0008701,12.02456544,2.418277137
0.0008706,12.02486216,2.418028516
0.0008716,12.02544156,2.417525478
0.0008726,12.02599269,2.417011136
0.0008736,12.02651531,2.416486056
0.0008746,12.02700922,2.415950811
0.0008749,12.02715177,2.415788328
0.000875,12.02719871,2.415733977
0.0008751,12.02724535,2.415679533
0.0008756,12.0274706,2.415404827
0.0008766,12.02790652,2.414851056
0.0008776,12.02831324,2.414288858
0.0008786,12.02869067,2.413718819
0.0008796,12.02903873,2.413141525
0.0008799,12.02913741,2.412966997
0.00088,12.02916972,2.41290869
0.0008801,12.02920173,2.412850318
0.0008806,12.02935368,2.412556781
0.0008816,12.02964287,2.411966816
0.0008826,12.02990262,2.411371361
0.0008836,12.03013297,2.410771005
0.0008846,12.03033397,2.410166336
0.0008849,12.03038855,2.409984168
0.000885,12.03040616,2.409923373
0.0008851,12.03042348,2.409862544
0.0008856,12.03050205,2.409557523
0.0008866,12.03064465,2.408946056
0.0008876,12.03075823,2.408332027
0.0008886,12.03084295,2.407716016
0.0008896,12.030899,2.407098596
0.0008899,12.03091025,2.406913168
0.00089,12.03091343,2.406851345
0.0008901,12.03091633,2.406789515
0.0008906,12.03092305,2.406480284
0.0008916,12.03092244,2.405861829
0.0008926,12.03089385,2.405243667
0.0008936,12.03083757,2.404626352
0.0008946,12.0307539,2.404010438
0.0008949,12.0307235,2.403826005
0.000895,12.03071283,2.403764569
0.0008951,12.03070188,2.403703154
0.0008956,12.03063981,2.403396756
0.0008966,12.03050239,2.402785334
0.0008976,12.03033862,2.402176924
0.0008986,12.03014888,2.401572049
0.0008996,12.02993358,2.400971224
0.0008999,12.02986406,2.400791832
0.0009,12.02984038,2.400732127
0.0009001,12.02981646,2.40067247
0.0009006,12.02969004,2.40037557
0.0009016,12.02942497,2.39978442
0.0009026,12.02913568,2.399198813
0.0009036,12.02882264,2.39861923
0.0009046,12.02848636,2.39804614
0.0009049,12.02838101,2.397875538
0.000905,12.02834544,2.397818811
0.0009051,12.02830964,2.397762156
0.0009056,12.02812455,2.397480911
0.0009066,12.0277434,2.396922231
0.0009076,12.0273406,2.396371391
0.0009086,12.02691671,2.395828818
0.0009096,12.0264723,2.395294928
0.0009099,12.02633505,2.395136506
0.00091,12.02628891,2.395083882
0.0009101,12.02624256,2.39503135
0.0009106,12.02600552,2.394771295
0.0009116,12.02552193,2.394256021
0.0009126,12.02501961,2.393750605
0.0009136,12.02449921,2.393255417
0.0009146,12.02396135,2.392770811
0.0009149,12.02379667,2.392627537
0.000915,12.02374144,2.392579999
0.0009151,12.02368605,2.392532572
0.0009156,12.02340463,2.392298525
0.0009166,12.02283388,2.39183614
0.0009176,12.02224763,2.391385325
0.0009186,12.02164656,2.390946383
0.0009196,12.02103134,2.390519604
0.0009199,12.02084411,2.390393978
0.00092,12.02078143,2.390352352
0.0009201,12.02071862,2.390310852
0.0009206,12.02040104,2.390106842
0.0009216,12.01975968,2.389705235
0.0009226,12.01910623,2.389316576
0.0009236,12.01844142,2.388941099
0.0009246,12.01776593,2.388579025
0.0009249,12.0175613,2.388473044
0.000925,12.01749289,2.38843799
0.0009251,12.01742438,2.388403072
0.0009256,12.0170793,2.388232279
0.0009266,12.01638469,2.387897639
0.0009276,12.01568154,2.387576977
0.0009286,12.01497056,2.387270456
0.0009296,12.01425247,2.386978226
0.0009299,12.01403575,2.386893361
0.00093,12.01396339,2.386865362
0.0009301,12.01389096,2.386837507
0.0009306,12.01352725,2.386702235
0.0009316,12.01279717,2.386438991
0.0009326,12.01206211,2.386190398
0.0009336,12.01132279,2.385956549
0.0009346,12.01057992,2.385737522
0.0009349,12.01035645,2.385674713
0.000935,12.01028191,2.385654075
0.0009351,12.01020734,2.385633585
0.0009356,12.00983389,2.385535246
0.0009366,12.00908611,2.385346046
0.0009376,12.00833686,2.385171817
0.0009386,12.00758685,2.385012579
0.0009396,12.00683677,2.384868343
0.0009399,12.00661181,2.384827998
0.00094,12.00653684,2.384814849
0.0009401,12.00646188,2.38480185
0.0009406,12.00608742,2.384740976
0.0009416,12.00533929,2.384626709
0.0009426,12.0045931,2.384527385
0.0009436,12.0038495,2.384442959
0.0009446,12.00310915,2.384373373
0.0009449,12.00288776,2.384355382
0.000945,12.00281404,2.38434968
0.0009451,12.00274037,2.384344126
0.0009456,12.00237323,2.384320393
0.0009466,12.00164136,2.384280248
0.0009476,12.00091462,2.384254688
0.0009486,12.00019364,2.384243605
0.0009496,11.999479,2.384246879
0.0009499,11.99926592,2.384250644
0.00095,11.99919504,2.384252183
0.0009501,11.99912422,2.384253864
0.0009506,11.99877222,2.384266142
0.0009516,11.9980721,2.384297698
0.0009526,11.99738007,2.384343177
0.0009536,11.99669666,2.384402409
0.0009546,11.99602243,2.384475218
0.0009549,11.99582202,2.384499685
0.000955,11.99575541,2.384508108
0.0009551,11.9956889,2.384516663
0.0009556,11.99535916,2.384563072
0.0009566,11.9947049,2.384662431
0.0009576,11.99406135,2.384774769
0.0009586,11.993429,2.384899865
0.0009596,11.99280832,2.385037492
0.0009599,11.99262445,2.385081193
0.00096,11.9925634,2.385096006
0.0009601,11.99250248,2.38511094
0.0009606,11.99220131,2.385188927
0.0009616,11.99160537,2.38535086
0.0009626,11.99102241,2.385524582
0.0009636,11.99045285,2.38570983
0.0009646,11.98989708,2.38590633
0.0009649,11.98973309,2.38596744
0.000965,11.98967871,2.385988028
0.0009651,11.98962447,2.386008725
0.0009656,11.98935728,2.386115152
0.0009666,11.98883026,2.386333277
0.0009676,11.98831811,2.386561793
0.0009686,11.98782116,2.3868004
0.0009696,11.98733973,2.387048791
0.0009699,11.98719836,2.387125177
0.00097,11.98715156,2.387150827
0.0009701,11.98710491,2.387176571
0.0009706,11.98687611,2.387307809
0.0009716,11.98642661,2.387574782
0.0009726,11.98599346,2.387850582
0.0009736,11.9855769,2.388134878
0.0009746,11.98517716,2.388427337
0.0009749,11.98506054,2.388516624
0.000975,11.98502201,2.388546542
0.0009751,11.98498365,2.388576536
0.0009756,11.98479659,2.38872857
0.0009766,11.98443112,2.389036293
0.0009776,11.98408305,2.389351151
0.0009786,11.98375252,2.389672796
0.0009796,11.98343968,2.390000874
0.0009799,11.9833493,2.390100507
0.00098,11.98331953,2.390133838
0.0009801,11.98328993,2.390167228
0.0009806,11.9831469,2.390335759
0.0009816,11.98286981,2.390675592
0.0009826,11.98261072,2.391020787
0.0009836,11.98236971,2.391370983
0.0009846,11.98214684,2.391725817
0.0009849,11.98208352,2.391833126
0.000985,11.98206277,2.39186898
0.0009851,11.98204221,2.391904875
0.0009856,11.98194441,2.392085431
0.0009866,11.98175789,2.392448408
0.0009876,11.98158957,2.392814933
0.0009886,11.98143943,2.393184643
0.0009896,11.98130744,2.393557174
0.0009899,11.98127138,2.393669438
0.00099,11.98125972,2.393706907
0.0009901,11.98124824,2.393744399
0.0009906,11.98119582,2.393932441
0.0009916,11.98109997,2.394309483
0.0009926,11.98102209,2.394688262
0.0009936,11.98096209,2.39506842
0.0009946,11.98091985,2.395449601
0.0009949,11.98091063,2.39556411
0.000995,11.98090791,2.395602291
0.0009951,11.98090536,2.395640478
0.0009956,11.98089746,2.395831503
0.0009966,11.98089035,2.396213625
0.0009976,11.98090061,2.396595716
0.0009986,11.98092805,2.396977429
0.0009996,11.9809725,2.397358423
0.0009999,11.98098913,2.397472539
0.001,11.980995,2.397510555
